centreno,centrename,state
521,"521 A. A. SULE JAMB CBT CENTRE, OLD TOMATO MARKET ROAD, BEHIND TA'AL MODEL E-LIBRARY, LAFIA, NASARAWA STATE",NASARAWA
257,"257 DIOVINIC INT'L ACADEMY, UMUODUDU, UMUEZE NKUME NJABA LGA, IMO STATE",IMO
475,"475 HOMAT SCHOOL OF BASIC STUDIES, 111 OBA OMOLAJA OGUNLEWE  WAY, NEAR IGBE JUNCTION, IGBOGBO, IKORODU, LAGOS STATE",LAGOS
367,367 Barda International College off Hassan Usman Road near GRA Central mosque Katsina,KATSINA
464,"464 YEOLAN CBT CENTRE, 24-26, OMOTAYO AKINBO STRT., ALEMU S/STOP,KETU-IJANIKIN, LAGOS STATE",LAGOS
184,"184 AJAYI IBUKUNOLU CBT CENTRE, KM.10, ADO IKERE EXPRESS WAY, OKE OPA, IKERE EKITI",EKITI
557,"557 OSUN STATE UNIVERSITY, OSOGBO, IMTC CENTRE  A ,  OKE-BAALE, OSOGBO, OSUN STATE.",OSUN
307,"307 MAINLAND COLLEGE OF EDUCATION, HEALTH SCIENCES AND TECHNOLOGY, NO 14B KOFAR KIBO BY BAREWA JUNCTION, ZARIA, KADUNA STATE",KADUNA
465,"465 COMMAND DAY SEC. SCHOOL, OJO CANTONMENT, OJO, LAGOS STATE",LAGOS
432,"432 LUFEM SYSTEMS LTD 31, DORCAS MOROLAHUN STR, EGBATEDO EMMANUEL B/STOP, OFF OLD ABEOKUTA ROAD, OKO OBA AGEGE, LAGOS STATE",LAGOS
482,"482 WESTHILLS HIGH SCHOOL, 1, PLEASANT STRT. ORIOKUTA VIA OJOKORO VILLAGE, IKORODU, LAGOS STATE",LAGOS
629,"629 ELERINMOSA RESOURCE HUB LTD, EDE ROAD, OKE AWESIN, ERIN-OSUN, OSUN STATE.",OSUN
338,"338 IKO SAI ALLAH ICT NETWORK GLOBAL NO 413A RIJIALEMO YANKATAKO OPPOSITE, AZMAN FILLING STATION, KANO, KANO STATE",KANO
462,"462 MERITLAND CBT, 20 MUSA/MERITLAND STREET, IGBOROSUN, BADAGRY, LAGOS STATE",LAGOS
572,"572 EARLY HEIGTHS COLLEGE, NO 17 BABA DADA CLOSE ALAGBOLE, OGUN STATE",OGUN
702,"702 MARANATHA AND ASSOCIATES, ODANI GREEN CITY ESTATE, ELELENWO, RIVERS STATE",RIVERS
602,"602 BABSON ICT CENTRE, ONDO BOYS' HIGH SCHOOL, ONDO, ONDO STATE.",ONDO
169,"169 WAEC INTERNATIONAL OFFICE CBT (CTR. 2), OGUNMWENTIN COMMUNITY, OFF UGBOR VILLAGE RD,  BENIN CITY, EDO STATE",EDO
91,"91 IJAW NATIONAL ACADEMY KAIAMA KOLOKUMA/OPOKUMA LGA, BAYELSA STATE.",BAYELSA
165,"165 EDO STATE UNIVERSITY, KM 7, AUCHI- ABUJA RD, UZAIRE, IYAHMO, EDO STATE",EDO
716,"716 STATE SCHOOL III ELELE TOWN, ALONG OWERRI ROAD, BESIDE OUR LADY OF LOURDES, CATHOLIC CHURCH, IKWERRE L.G.A, RIVERS STATE",RIVERS
265,"265 LITTLE ROCK SCHOOL, 5 SCHOOL ROAD, WORKS LAYOUT, OPP. CRADLE HOTELS, OWERRI, IMO STATE",IMO
260,"260 PRINCE OF PEACE COMPUTER INSTITUTE, BESIDE ST. BENEDICT CATHOLIC CHURCH AMARAKU ISIALA MBANO, IMO STATE",IMO
289,"289 DANBO INTERNATIONAL SCHOOLS, 28 KUBANI CRESCENT, BARNAWA, KADUNA BY DANBO BRIDGE, KADUNA STATE.",KADUNA
695,"695 ACE INTERNATIONAL TRAINING CENTRE, CENTRE 2, PLOT 1 LOCATION ROAD, KM 17, PH/ABA EXPRESSWAY BY TAP BUS STOP, IRIEBE, RIVERS STATE",RIVERS
163,"163 CHRIST DE KING   I.C.T  CENTRE, ADJACENT CHRIST THE KING PARISH, OGUTA ROAD, ONITSHA",ANAMBRA
299,"299 SKOLAK RESOURCES LTD, BZ 3 SARDAUNA CRESCENT OFF JUNCTION ROAD, KADUNA, KADUNA STATE",KADUNA
102,"102 GREG & CO ICT HUB, 216, GONDO ALUOR ROAD, OLD GRA, MAKURDI, BENUE STATE",BENUE
214,"214 UNIVERSITY OF NIGERIA NSUKKA, DIGITAL LIBRARY, NSUKKA, ENUGU STATE",ENUGU
168,"168 COMPLETE COMPUTER AND TECHNOLOGY INSTITUTE 13, ADESUWA GRAMMAR SCHOOL RD, BESIDE STERLING BANK, OFF SAPELE RD, BENIN- CITY, EDO STATE",EDO
40,"40 HERITAGE DIGI-LINK INT'L LTD, 178 HERITAGE HOUSE , IKOT EKPENE ROAD, UYO, AKWA IBOM STATE",AKWA-IBOM
20,"20 AMERICAN UNIVERSITY OF NIGERIA, ICT CENTRE, 226, MODIBBO ADAMA WAY, YOLA, ADAMAWA STATE",ADAMAWA
216,"216 23 TECHNOLOGIES LIMITED .NAF VALLEY ESTATE , 3PL OBENE KANU STREET, OFF SB ABUBAKAR AVENUE BEHIND ABACHA BARRACKS, ASOKORO, ABUJA, FCT",FCT-ABUJA
552,"552 MOSHOOD ABIOLA POLYTECHNIC OJERE ABEOKUTA, OGUN STATE",OGUN
141,"141 MAXNET TECHNOLOGY, 214 USELU LAGOS ROAD",EDO
146,"146 DSUST CENTRE 2 , DELTA STATE UNIVERSITY OF SCIENCE & TECHNOLOGY, OZORO (FORMERLY, DSPZ CENTRE 2, DELTA STATE POLYTECHNIC, OZORO)  ALONG UGHELLI/OZORO ROAD , DELTA STATE",DELTA
739,"739 PEACOCK COLLEGE OF EDUCATION, NO. 2, HOSPITAL ROAD, JALINGO, TARABA STATE",TARABA
712,"712 ICT CENTRE, IGANTIUS AJURU UNIVERSITY OF EDUCATION OF IKWERE RD BY WHIMPY JUNCTION, RUMUOLUMENI, PHC, RIVERS STATE",RIVERS
610,"610 REDEEMERS UNIVERSITY, ICT CENTRE, EDE, OSUN STATE",OSUN
198,"198 INFOTECH IT LIMITED, CENTRE 2, 9 OGATULENYI DRIVE, ATANI",ANAMBRA
73,"73 BAUCHI STATE E-LIBRARY CENTRE,BAUCHI, BAUCHI STATE",BAUCHI
285,"285 AMAL COMPUTERS AND TEST CENTRE NIGERIA LTD, 30 MATAZU ROAD, OPPOSITE AHMADIYYA JUMMAT MOSQUE, TUDUN WADA, KADUNA STATE.",KADUNA
504,"504 NASARAWA STATE UNIVERSITY, ICT CENTER 1, KEFFI, NASARAWA STATE",NASARAWA
563,"563 OSUN STATE UNIVERSITY, OSOGBO, IMTC CENTRE B, OKE-BAALE, OSOGBO, OSUN STATE",OSUN
661,"661 JAMB PROFESSIONAL TEST CENTRE (PTC), OPPOSITE OOPL, IBB BOULEVARD, OKE MOSAN, ABEOKUTA  CENTRE 1, OGUN STATE",OGUN
407,"407 EFFECTIVE INTERNATIONAL COLLEGE, UNILORIN PERMANENT SITE ROAD, TANKE ILORIN, KWARA STATE",KWARA
738,"738 JAMB PROFESSIONAL TEST CENTRE (PTC), JAMB STATE OFFICE, OLD TEACHERS COLLEGE, JALINGO, TARABA STATE",TARABA
631,"631 JAMB PROFESSIONAL TEST CENTRE (PTC), BLOCK Y (COMMERCIAL) OSPDC, OROKI ESTATE, SERVICE AREA, ILOBU ROAD, OSOGBO,OSUN STATE.",OSUN
694,"694 BONNY KINGDOM CBT CENTRE FEDERAL POLUTECHNIC OF OIL AND GAS ABALAMABIE ROAD, BONNY ISLAND, RIVERS STATE",RIVERS
418,"418 PARROT CYBERWORLD LIMITED, EMMANUEL BAPTIST COLLEGE BESIDE LEAD HOSTEL UNILORIN ROAD TANKE ILORIN, KWARA STATE",KWARA
101,"101 e-TC OPPOSITE COLLEGE OF AGRICULTURAL ECONOMICS AND EXTENSION, FEDERAL UNIVERSITY OF AGRICULTURE, MAKURDI, BENUE STATE",BENUE
84,"84 ASPIRE MULTI-LINK INFOTECH RESORT BESIDE FAVOUR MODEL SCHOOL IMIRINGI,OGBIA, BAYELSA STATE.",BAYELSA
704,"704 RANJENNYS SCHOOLS, OBO-WANKE ROAD, BY DIVISIONAL POLICE STATION, ELEME, RIVERS STATE",RIVERS
632,"632 KUNIKE INTERNATIONAL SCHOOL, OKE-IJETU, OFF ILESA GARAGE, OSOGBO, OSUN STATE.",OSUN
59,59 FEDERAL POLYTECHNIC OKO AUDITORUM CENTRE IV ANAMBRA STATE,ANAMBRA
511,"511 EXCELLESIA CBT, NO 9 SULE ADAMU STREET, OFF SANI ABACHA ROAD, BEHIND OANDO FILLING STATION, BESIDE ANDY YOUNG ALUMINIUM, MARARABA, NASARAWA STATE",NASARAWA
267,"267 OWERRI CBT HI-TECH PLOT C15 OKOHIA LAYOUT, VIA WORLD BANK MKT, OWERRI, IMO STATE",IMO
129,"129 JAMB PROFESSIONAL TEST CENTRE (PTC), JAMB STATE OFFICE, ASABA, OKPANAM ROAD, BY NTA JUNCTION, ASABA, DELTA STATE",DELTA
540,"540 JAMB PROFESSIONAL TEST CENTRE (PTC), CBT CENTRE, 3 ARMS ZONE,  MAITUMBI, JAMB OFFICE MINNA, NIGER STATE",NIGER
237,"237 CHRIST THE KINGS COLLEGE, CHRIST THE KINGS COLLEGE ROAD GWAGWALADA, ABUJA, FCT",FCT-ABUJA
750,"750 ISAH NGURU VENTURES, MAI MUSTAPHA STREET EASTERN BYE PASS, CENTRE 1, NGURU, YOBE STATE",YOBE
119,"119 UNIMAID ICT 3 CENTRE, OPP. ELKANEMI HALL, UNIVERSITY OF MAIDUGURI, MAIDUGURI, BORNO STATE",BORNO
643,"643 COMMAND SECONDARY SCHOOL, ICT CENTRE APATA, IBADAN, OPPOSITE SOPDAMAK PETROL STATION, ALONG ABEOKUTA EXPRESSWAY, BODE IGBO, IBADAN, OYO STATE",OYO
663,"663 THE OKE-OGUN POLYTECHNIC, SAKI, OYO STATE",OYO
467,"467 VERA GRACE GROUP OF SCHOOLS CBT, 7, EZEDE STREET, ILOGBO, ELEGBA TOWN BY ILOGBO ELEGBA SEC. SCHOOL B/STOP, OJO",LAGOS
703,"703 MONCORDEL INTERNATIONAL SCHOOL, GREEN CITY, OFF ODANI/AKPAJO ROAD JUNCTION, ELELENWO, PORT HARCOURT, RIVERS STATE",RIVERS
648,"648 SIGNAL WORLD CBT, RASCO BUILDING, ADEGOKE BUS STOP, LAM ADESINA WAY, ORITA CHALLENGE, IBADAN, OYO STATE",OYO
604,"604 MIS/ICT CBT CENTRE, ADEYEMI COLLEGE OF EDUCATION, ONDO, ONDO STATE.",ONDO
183,"183 AFE BABALOLA ADO EKITI (ABUAD) CENTRE 2, KM 8.5, AFE BABALOLA WAY, IJAN ROAD, ADO-EKITI,  EKITI STATE",EKITI
542,"542 NIGER STATE COLLEGE OF EDUCATION, CBT CENTRE, MINNA, NIGER STATE",NIGER
607,"607 ADELEKE UNIVERSITY CBT CENTRE, ADELEKE UNIVERSITY MAIN CAMPUS ALONG OGBERIN-LOGUN ROAD, OPPOSITE FEDERAL POLYTECHNIC SOUTH CAMPUS EDE, OSUN STATE",OSUN
382,"382 WAZIRI UMARU FEDERAL POLYTECHNIC, CIT CENTRE, GESSE CAMPUS, BIRNIN KEBBI, KEBBI STATE",KEBBI
12,"12 AMABLE NIGERIA LIMITED, NO 3 OLD TIMBER ROAD, UMUAHIA, ABIA STATE",ABIA
3,"3 IMO STATE COLLEGE OF HEALTH SCIENCE AND TECHNOLOGY, AMAIGBO NWANGELE LGA, IMO STATE",IMO
378,"378 JAMB PROFESSIONAL TEST CENTRE (PTC), ALONG NEW SECRETARIAT COMPLEX ROAD, GWADANGAJI, BIRNIN-KEBBI, KEBBI STATE.",KEBBI
142,"142 CELVIM BUSINESS VENTURES. 15, JBS ESTATE ROAD, OFF BOUNDARY ROAD, GRA, BENIN CITY",EDO
271,"271 SPRING TOWER COMPUTER INSTITUTE BESIDE /AMATA HEALTH CENTRE IKEDURU LGA, IMO STATE",IMO
423,"423 UNIVERSITY OF ILORIN ETC CENTRE, CENTRE 2, ILORIN KWARA STATE",KWARA
292,"292 DIVINE PROGRESS SCHOOL, 47 MAYERE ROAD, NARAYI HIGH - COST, OPPOSITE EDI-JEN FILLING STATION, KADUNA STATE.",KADUNA
114,"114 NORTH EAST CHILDREN'S TRUST THE LEARNING CENTRE (NECT/TLC) 5, BIU  ROAD, ADJACENT NAFDAC  MAIDUGURI, BORNO STATE",BORNO
161,"161 EBONYI STATE UNIV. CBT CTR. 1 (PERM. SITE) ALONG ENUGU-ABAKALIKI EXPR-WAY, EZZAMGBO, EBONYI STATE",EBONYI
670,"670 SALAMAT OLANIYAN COLLEGE CBT CENTRE, OYO-IBADAN ROAD, OPPOSITE SAW MILL KRAAL ABATTOIR AFTER ILORA JUNCTION, OYO, OYO STATE",OYO
46,"46 KACHUKWURU VENTURES STAFF DEVELOPMENT CENTRE AWKA, BEHING GOVERNMENT HOUSE, ANAMBRA STATE",ANAMBRA
535,"535 BEAUTIFUL BEGINNING ACADEMY LTD, APO LEGISLATIVE QUARTERS, ZONE E.",FCT-ABUJA
172,"172 PENOTER TECHNOLOGY PETER UWADIAE HALL 2, ODUWARE UWADIAE RD, BESIDE OVAH PRIMARY SCHL, EGOR MARKET JUNCTION, OFF NIPOST INTS RD , BENIN CITY, EDO STATE",EDO
468,"468 LASU CBT 18 LIMITED, LASU MAIN CAMPUS(1021010), OJO, LAGOS STATE",LAGOS
332,"332 FUTUREMAP FOUNDATION, ALONG NGURU ROAD OPPOSITE THREE BROTHERS RICE MILL COMPANY, HADEJIA, JIGAWA STATE.",JIGAWA
261,"261 CODEFEST INTERNATIONAL ACADEMY CBT CENTRE.   BLOCK  A, SILION VALLEY COMPLEX, NEW GOVERNMENT SECRETARIAT, CENTENARY CITY, ABAKALIKI EBONYI STATE",EBONYI
90,"90 NIGER DELTA UNIVERSITY CTR2, NEW SITE AMASSOMA, BAYELSA STATE.",BAYELSA
263,"263 BERTHA BRIGHT KIDS ACADEMY 88 NDIBE BEACH ROAD , AFIKPO AFTER P NOBLE HOTEL, EBONYI STATE",EBONYI
333,"333 FEDERAL COLLEGE OF EDUCATION, KABUGA KOFAR FAMFO, KANO, KANO STATE",KANO
290,"290 DE-DETERMINANT CBT CENTRE, GASKIYA SKILL INTERNATIONAL SCHOOL, PLOT 11, 13, 15, 17 ANGOLA ROAD OPPOSITE SHAGARI LOW COST, BARNAWA, KADUNA STATE",KADUNA
88,"88 BAYELSA MEDICAL UNIVERSITY AMARATA YENAGOA, BAYELSA STATE",BAYELSA
449,449 BESTGIFT COMPREHENSIVE SCHOOLS CBT CENTRE 1/8 TUNJI ADEWOYIN / 2 MULAK AVENUE IJEGUN IKOTUN LAGOS STATE,LAGOS
110,"110 COLLEGE OF EDUCATION WAKA -BIU MAIDUGURI ROAD BIU LGA, BORNO STATE",BORNO
448,"448 BAFUTO INSTITUTE OF MGT & INFORMATION TECH. 62, IKOTUN ISOLO ROAD ILE-IWE B/STOP EGBE, LAGOS STATE",LAGOS
379,"379 KEBBI STATE UNIVERSITY OF SCIENCE AND TECHNOLOGY ALIERO  UNIVERSITY LIBRARY CBT CENTRE, ALONG JEGA SOKOTO ROAD, ALIERO, KEBBI STATE",KEBBI
309,"309 NUHU BAMALLI POLYTECHNIC, MAIN CAMPUS, ALONG ZARIA-KADUNA EXPRESS WAY, ZARIA, KADUNA STATE",KADUNA
614,"614 OSUN STATE COLLEGE OF TECHNOLOGY, E-LIBRARY, ESA -OKE, OSUN STATE",OSUN
620,"620 OBAFEMI AWOLOWO UNIVERSITY, ICT HALL B, ILE-IFE, OSUN STATE.",OSUN
164,"164 EBUNWANA BUSINESS SERVICES LIMITED CBT CENTRE, EBUNWANA EDDA, AFIKPO SOUTH L.G.A , EBONYI STATE",EBONYI
711,"711 FEDERAL COLLEGE OF EDUCATION TECHNICAL, OMOKU, RIVERS STATE",RIVERS
410,"410 JAMB PROFESSIONAL TEST CENTRE (PTC), OYUN BRIDGE, OLD JEBBA ROAD, ILORIN, KWARA STATE",KWARA
514,"514 GODS OWN SCHOLARS ACADEMY, ANGWANSOJA, AREA1, MASAKA, NASARAWA STATE",NASARAWA
185,"185 BAMIDELE OLUMILUA UNIVERSITY OF EDUCATION, SCIENCE AND TECHNOLOGY CBT CENTRE, IGBARA-ODO ROAD, IKERE EKITI,  EKITI STATE",EKITI
294,"294 KADUNA STATE UNIVERSITY CBT CENTRE TAFAWA BALEWA WAY, U/RIMI, KADUNA, KADUNA STATE.",KADUNA
302,"302 FANTSUAM FOUNDATION CBT, NO 1 FANTSUAM CLOSE, BAYAN LOCO, KAFANCHAN, KADUNA STATE.",KADUNA
731,"731 FEDERAL POLYTECHNIC (PERMANENT SITE) ICT CENTER 1, JALINGO ROAD, BALI, TARABA STATE",TARABA
412,"412 KWARA COLLEGE OF EDUCATION, ILORIN, KWARA STATE",KWARA
560,"560 KONCEPT KOMPUTER ENTERPRISES(CTR 2), 10 CHRIS OGUNBANJO WAY OPPOSITE. COCA COLA DEPOT IJARI, IJEBU ODE, OGUN STATE",OGUN
17,"17 ADAMAWA STATE UNIVERSITY, ABDULRAHMAN GHALI E - LIBRARY, MUBI, ADAMAWA STATE.",ADAMAWA
359,"359 CBT CENTRE, ZONAL EDUCATION QUALITY ASSURANCE, DUTSINMA, KATSINA STATE",KATSINA
166,"166 MJ & ESHOIZA ICT CENTRE, NO. 31 UPPER SECRETARIAT BY MTN MAST, UGBOGBO IGARRA, EDO STATE.",EDO
732,"732 FEDERAL POLYTECHNIC (PERMANENT SITE) ICT CENTER 2, JALINGO ROAD, BALI, TARABA STATE",TARABA
687,"687 SANI MIKAILA COMPREHENSIVE COLLEGE, PLOT 34 RIKKOS NEW LAYOUT, JOS, PLATEAU STATE",PLATEAU
311,"311 YELWA ICT CENTRE, SOBA LOCAL GOVERNMENT, ALONG AZRIA - PAMBEGUA EXPRESS WAY,  YELWA MAIBENE, KADUNA STATE",KADUNA
167,"167 ZINCOM TECHNOLOGY INSTITUTE, 31 WARRAKE ROAD [FORMER UNION BANK BUILDING] AUCHI, EDO STATE.",EDO
125,"125 BEEPS TECHNOLOGY LIMITED, 19 OBUDU STREET, IGOLI, OGOJA, CROSS RIVER STATE",CROSS-RIVER
525,"525 LAFIA KNOWLEDGE CENTRE, BAKAH SIDI, ADJACENT NATIONAL OPEN UNIVERSITY, JOS ROAD, LAFIA NASARAWA, NASARAWA STATE",NASARAWA
130,"130 TINOK INNOVATION HUB, TRINITY COLLEGE, NO. 1 UMUEJEI ROAD, IBUSA, DELTA STATE",DELTA
181,"181 MOUNT CARMEL SECONDARY SCHOOL, ALONG AMBROSE ALLI UNIVERSITY, PART TIME CAMPUS ROAD, EMAUDO, EKPOMA, EDO STATE",EDO
539,"539 FEDERAL UNIVERSTY OF TECHNOLOGY, E-EXAM CENTRE2, MAIN CAMPUS, GIDAN KWANO, MINNA, NIGER STATE",NIGER
23,"23 LAMIDO ZUBAIRU EDUCATION CENTER, OPP. CENTER  FOR DISTANCE LEARNING, YOLA TOWN BYE PASS, ADAMAWA STATE",ADAMAWA
29,"29 KEMEGOLD NIGERIA LTD, ONNA PEOPLES HIGH SCHOOL,ABBA, ONNA, AKWA IBOM STATE",AKWA-IBOM
54,"54 HENRY ICT INSTITUTE, 28 ADAKWA STREET ABUBOR NNEWICHI NNEWI, ANAMBRA STATE",ANAMBRA
230,"230 AMJAD INTEGRATED SERVICES NIG. LTD GSS JUNCTION, NEAR EMIR'S PALACE LOKUWA, MUBI NORTH LGA, ADAMAWA STATE",ADAMAWA
51,"51 ALPHABASE INTEGRATED TECHNOLOGIES UMUDUNU CIVIC HALL, UMUDUNU VILLAGE AWKA-ETITI, IDEMILI SOUTH LGA, ANAMBRA STATE",ANAMBRA
713,"713 PROVIL SCHOOLS CBT CENTER, 3/5 PROVIL CLOSE, NTA ROAD, OPP AIT, OZUOBA, PORT HARCOURT, RIVERS STATE",RIVERS
41,"41 KNOWLEDGE PARTNERS LTD, NO 30, UDOSEN UKO STREET UYO, AKWA IBOM STATE",AKWA-IBOM
549,"549 GATEWAY ICT LIMITED, SOUTH WEST RESOURCE CENTRE KUDIRAT ABIOLA COMPLEX OKE MOSAN, OGUN STATE",OGUN
221,"221 EMIS CBT CENTRE, EPITOME ISLAMIC CLOSE, OFF SANI ABACHA ROAD, OLD KARU ROAD, FCT.",FCT-ABUJA
719,"719 UNIVERSITY OF PORT HARCOURT, SCHOOL OF BASIC STUDIES, ABUJA CAMPUS, CHOBA, RIVERS STATE",RIVERS
264,"264 JAMB PROFESSIONAL TEST CENTRE (PTC), AREA H BY CONCORD BUS STOP, OPPOSITE SAGA SUITE, BESIDE LABOUR HOUSE, OWERRI, IMO STATE",IMO
500,"500 PAMSSET CBT CENTRE, TSE-UBA ALONG POWER LINE, ALIADE",BENUE
767,"767 JAMB PROFESSIONAL TEST CENTRE I, (JAMB WING) BEHIND TECHNICAL COLLEGE WAEC ROAD ALEKUNWODO, OSOGBO, OSUN STATE.",OSUN
760,"760 JAMB PROFESSIONAL TEST CENTRE (PTC), JAMB HEADQUARTERS, ALONG LAW SCHOOL ROAD, BWARI,  ABUJA, FCT",FCT-ABUJA
579,"579 THE GEM INTERNATIONAL SCHOOL, 1 GEM SCHOOL STREET ISHAGA OWODE YEWA, OGUN STATE",OGUN
112,"112 AL-MUNEER INT'L COLLEGE (MOTIME COMMUNICATION) CBT/PROFESSIONAL CENTRE 2 OFF BIU ROAD MAIDUGURI, BORNO STATE",BORNO
25,"25 MODIBBO ADAMA UNIVERSITY OF TECHNOLOGY, CENTRE-2, ALONG MUBI ROAD, GEREI LGA, YOLA, ADAMAWA STATE",ADAMAWA
27,"27 AKWA IBOM STATE COLLEGE OF EDUCATION, CBT CENTRE, AFAHA NSIT, NSIT IBOM",AKWA-IBOM
206,"206 NATIONAL OPEN UNIVERSITY (NOUN), NO 87/89 NIKE LAKE ROAD TRANS EKULU, ENUGU,  ENUGU STATE",ENUGU
727,"727 TOTAL ICT CENTRE, OPP. STAFF SECONDARY SCHOOL, SHEHU SHAGARI COLLEGE OF EDUCATION SOKOTO,  SOKOTO STATE",SOKOTO
139,"139 DELTA STATE POLYTECHNIC, OGWASHI-UKU, ALONG AZAGBA ROAD, OGWASHI-UKU CENTRE 1, DELTA STATE",DELTA
213,"213 NNAMDI AZIKIWE CBT CENTRE, NNAMDI AZIKIWE LIBRARY, UNIVERSITY OF NIGERIA NSUKKA, ENUGU STATE",ENUGU
171,"171 IGBINEDION UNIVERSITY, OKADA, OVIA EAST LOCAL GOVT. OKADA TOWN, EDO STATE",EDO
15,"15 MICHAEL OKPARA UNIVERSITY OF AGRICULTURE, E-TEST CENTRE, UMUDIKE, ABIA STATE",ABIA
577,"577 OGUN STATE INSTITUTE OF TECHNOLOGY, OBA ADESOLA MARKET ROAD, IGBESA, OGUN STATE",OGUN
512,"512 FUTURE GATE MODEL SCHOOL CTR 1, BESIDE PISAND GUEST INN BAKIN ADO, NEW KARU  NASARAWA STATE",NASARAWA
256,"256 LOBSTER INTERNATIONAL ACADEMY NURSERY/SECONDARY SCHOOL CENTRE, TUDUN SALMANU , BAUCHI BAUCHI STATE",BAUCHI
288,"288 CHRIST AMBASSADORS INTERNATIONAL COLLEGE, NO 29 JUJI ROAD, THE STREET OPPOSITE STANBIC IBTC BANK, BEFORE THE RAIL CROSSING, SABON TASHA, KADUNA STATE",KADUNA
245,"245 COMMUNITY EDUCATION RESOURCE CENTRE, TASHAR DUKKU, BEHIND MUSABA HOSPITAL, GOMBE, GOMBE STATE",GOMBE
131,"131 BENCHILL SCHOOLS, NO. 1, DN DUDU CLOSE, OFF EMIKO CLOSE, BEHIND MOPOL BASE, OGUNU ROAD, WARRI, DELTA STATE",DELTA
523,"523 JAMB PROFESSIONAL TEST CENTRE (PTC) HALL 1, OLD TOMATO MARKET ROAD, BEHIND TA'AL MODEL E-LIBRARY, LAFIA, NASARAWA STATE",NASARAWA
588,"588 REDEEMER'S UNIVERSITY, K/M 46, LAGOS EXP. WAY, MOWE, OGUN STATE",OGUN
406,"406 DAMDAV CBT CENTRE 30, WESTERN RESERVOIR ROAD OLORUNSOGO ILORIN, KWARA STATE",KWARA
61,61 FEDERAL POLYTECHNIC OKO MASS COMMUNICATION CENTRE II ANAMBRA STATE,ANAMBRA
52,"52 BISHOP EVANS IBEAGHA JUNIORATE CBT CENTRE I, KM9 BEHINDE DE-BASE FILLING STATION OBA-NNEWI, ONITSHA NEW-ROAD, ANAMBRA STATE",ANAMBRA
674,"674 NIGERIA BUILDING AND ROAD RESEARCH INSTITUTE(NBRRI) ICT CENTRE, KM 5, BOKKOS-MANGU, BOT BOKKOS, PLATEAU STATE",PLATEAU
53,"53 CHUMET INSTITUTE LIMITED, NO. 270 OLD ONITSHA ROAD, OPPOSITE ANGLICAN GIRLS SECONDARY SCHOOL URUAGU NNEWI, ANAMBRA STATE",ANAMBRA
671,"671 BRIDGET WILLIAMS ICT CENTER/E-LIBRARY,(GOSA) BY GIRLS HIGH SCHOOL, GINDIRI, PLATEAU STATE",PLATEAU
503,"503 BENUE STATE UNIVERSITY CBT, BY FORMER  CEFTER BUILDING",BENUE
32,"32 AKWA IBOM STATE POLYTECHNIC, IKOT OSURUA,IKOT-EKPENE, AKWA IBOM STATE",AKWA-IBOM
78,"78 ABUBAKAR TATARI ALI POLYTECHNIC, BAUCHI, ATAP WUNTI DADA JOS ROAD, BAUCHI, BAUCHI STATE",BAUCHI
155,"155 DELTA STATE UNIVERSITY, ELECTRONIC EXAM CENTRE 1, CAMPUS 3, ABRAKA, DELTA STATE",DELTA
517,"517 LIZDAV ACADEMY NURSERY, PRIMARY & SECONDARY SCHOOL, ALONG CALVARY ROAD, RUGA JUNCTION, MARARABA, NASARAWA STATE",NASARAWA
204,"204 JULIA-GEE CORNERSTONE SEC SCH CBT CENTRE ,10 NIKE LAKE HIGHWAY EXPRESS RD, ENUGU,  ENUGU STATE",ENUGU
752,"752 UMAR SULEIMAN COLLEGE OF EDUCATION, ALONG NGURU ROAD, GASHUA, YOBE STATE.",YOBE
506,"506 HOPE-JON INTERNATIONAL SCHOOL, BESIDE DE-ROYAL NOODLES, BY ADKAN ESTATE, CITY COLLEGE ROAD, KARU, NASARAWA STATE.",NASARAWA
488,"488 DALEWARES INSTITUTE OF TECHNOLOGY, 31-33 BODE THOMAS ROAD, OFF SHYLLON STREET, PALM GROVE, LAGOS STATE",LAGOS
683,"683 GOVERNMENT SCIENCE AND TECHNICAL COLLEGE, BUKURU CBT HUB, KURU-VOM ROAD, PLATEAU STATE",PLATEAU
224,"224 JC BEST  SCHOOLS INTERNATIONAL CBT CENTRE TWO(2), AFTER GODAB ESTATE, BY CORNER-VIEW PLAZA, LIFE CAMP, FCT",FCT-ABUJA
295,"295 KADWEL INTERNATIONAL SCHOOL,16/17 UGANDA ROAD. BARNAWA, KADUNA SOUTH, KADUNA STATE",KADUNA
208,"208 ROCHAS FOUNDATTION COLLEGE, AJACENT ENUGU AIRPORT ROUND-ABOUT JUNCTION, EMENE ENUGU, ENUGU STATE",ENUGU
120,"120 FZX MEDIA CONSULTING LIMITED, KM 15, IKOM-OGOJA HIGHWAY, INSIDE HAVILLA UNIVERSITY, NDE, IKOM, CROSS RIVER STATE.",CROSS-RIVER
347,"347 OVER-ONE CONSULT & INVESTMENT LIMITED CBT CENTRE, NO 85 GANDU GRA, ATIKU ABUBAKAR ROAD, KANO, KANO STATE",KANO
98,"98 KIMOTA SCIENCE COLLEGE CBT CENTRE, KM 8, YANDEV-ALIADE BYE-PASS, GBOKO, BENUE STATE",BENUE
47,"47 NOBLE LIGHT GOLD, NEAR JASPINO HOTELS, BY RING ROAD, ENUGWU-UKWU",ANAMBRA
37,"37 ROLINS KING INFOTECH AND MANAGEMENT TECHNOLOGY CTR 2, NO 15 LIBRARY AVENUE, IKOT EKPENE AKWA IBOM STATE.",AKWA-IBOM
211,"211 DE-BLUE DOVES CENTRE, NKPOR JUNCTION ENUGU/MAKURDI ROAD, ORBA, NSUKKA, ENUGU STATE",ENUGU
583,"583 BABCOCK UNIVERSITY, CIT COMPUTER LABORATORY, ILISAN-REMO, OGUN STATE",OGUN
693,"693 OUR LADY OF FATIMA, OFF TURKUS ROAD, ALONG PRISONS OFFICE, SHENDAM, PLATEAU STATE",PLATEAU
587,"587 PEAKAN INTERNATIONAL SCHOOL,53-55, AWOLOWO AVENUE, IKENNE, OGUN STATE",OGUN
422,"422 UNIVERSITY OF ILORIN CBT CENTRE, CENTRE 5, ILORIN KWARA STATE",KWARA
647,"647 MUTAN CBT CENTRE,NO 1, MUTAN BUILDING, ISLAMIC MISSION PRIMARY SCHOOL, MONIYA, IBADAN, OYO STATE",OYO
366,"366 ALQALAM UNIVERSITY MUHAMMAD SANUSI II ICT CENTRE TAFAWA BALEWA WAY ALONG DUTSINMA ROAD KATSINA, KATSINA  STATE",KATSINA
699,"699 FASTFIVE COMPUTERS NIG LTD, NO 11/14, PALACE ROAD, OYIGBO, RIVERS STATE",RIVERS
49,"49 NNAMDI AZIKIWE UNIVERSITY AWKA DIGITAL LIBRARY CENTRE II, INSIDE PROF FESTUS AGHAGBO DIGITAL LIBRARY, ANAMBRA STATE",ANAMBRA
717,"717 THE CONSULATE SALLE D'EXAMEN 37 COLONEL LARRY STREET OFF RD 24 BY NAVY BARRACK AGIP ESTATE, RIVERS STATE",RIVERS
678,"678 ABSHA DIGITAL ACCESS, NO. 3 FORMER NITEL BUILDING YAKUBU GOWON WAY, OLD AIRPORT JUNCTION JOS, PLATEAU STATE",PLATEAU
548,"548 FEDERAL COLLEGE OF EDUCATION, OSIELE, ABEOKUTA, OGUN STATE",OGUN
4,"4 ORU EAST CBT CENTRE(FOE ICT) ORUF EAST LGA HEADQUARTERS, OMUMA, IMO STATE",IMO
613,"613 OSUN STATE COLLEGE OF EDUCATION, E-LIBRARY, ILA-ORANGUN, OSUN STATE",OSUN
193,"193 THE FEDERAL POLYTECHNIC DIGITAL LIBRARY CBT CENTRE, KM 10, ADO/IKARE ROAD, P.M.B 5351, ADO EKITI,  EKITI STATE",EKITI
706,"706 ASHGROVE ACADEMY, UNIVERSITY OF PORT HARCOURT (ABUJA CAMPUS) CHOBA, RIVERS STATE",RIVERS
223,"223 JC BEST  SCHOOLS INTERNATIONAL CBT CENTRE ONE(1), AFTER GODAB ESTATE, BY CORNER-VIEW PLAZA, LIFE CAMP FCT",FCT-ABUJA
194,"194 BISHOP OTUBELU JUNIORATE CBT CENTRE,3 EMELUGO DRIVE HILLVIEW, TRANS-EKULU, ENUGU,  ENUGU STATE",ENUGU
405,"405 ILORIN WEST LOCAL GOVERNMENT CBT CENTRE, AGBO-OBA ROAD, ILORIN, KWARA STATE",KWARA
304,"304 AHMADU BELLO UNIVERSITY, DISTANCE LEARNING CENTRE, SAMARU, ZARIA, KADUNA STATE",KADUNA
272,"272 SWINTEC COMPUTER INSTITUTE, NO. 5/9 HOSPITAL /ORLU ROAD, OWERRI, IMO STATE",IMO
573,"573 FEDERAL POLYTECHNIC ILARO, KM 1 OJA-ODAN RD, ILARO, OGUN STATE",OGUN
276,"276 BINYAMINU USMAN POLYTECHNIC, ALONG MALAM MADORI ROAD, HADEJIA, JIGAWA STATE",JIGAWA
262,"262 ICT CENTRE FEDERAL UNIVERSITY OF TECH, OWERRI, IMO STATE",IMO
559,"559 KONCEPT KOMPUTER ENTERPRISES (CTR 1), 10 CHRIS OGUNBANJO WAY OPPOSITE. COCA COLA DEPOT IJARI, IJEBU ODE, OGUN STATE",OGUN
123,"123 SWIFTCOM GLOBAL, FED. AIRPORT AUTHORITY OF NIG. (FAAN) SEC. SCH. IBB WAY, CALABAR, CROSS RIVER STATE",CROSS-RIVER
553,"553 MUEENAT INTERNATIONAL ACADEMY, BEHIND MECHANIC VILLAGE, OBADA, ABEOKUTA, OGUN STATE",OGUN
140,"140 DELTA STATE POLYTECHNIC, OGWASHI-UKU, CENTRE 2, ALONG AZAGBA ROAD, OGWASHI-UKU, DELTA STATE",DELTA
293,"293 IRL IT SOLUTIONS NIGERIA LTD , CP 4 CONSTITUTION ROAD, BESIDE ASD MOTORS, KADUNA STATE.",KADUNA
594,"594 AINA AWAW INTERNATIONAL COLLEGE ICT HALL, KM 10, ALONG AKURE/OWO ROAD, ILU-ABO, AKURE NORTH, AKURE, ONDO STATE.",ONDO
754,"754 AMLAK TECHNOLOGY CBT CENTER, BIRNIN MAGJI ROAD, KAURA NAMODA, ZAMFARA STATE",ZAMFARA
669,"669 LADOKE AKINTOLA UNIVERSITY OF TECHNOLOGY, NEW ICT CENTRE 3 ODL BUILDING, P.M.B 4000, OGBOMOSO. OYO STATE",OYO
239,"239 ISLAMIC LEADERSHIP ACADEMY, BEHIND FOREST ZONE, KUJE, FCT",FCT-ABUJA
197,"197 ENUGU STATE COLLEGE OF EDUCATION (TECHNICAL), ABAKALIKI ROAD, ENUGU, ENUGU STATE",ENUGU
107,"107 COLLEGE OF EDUCATION OJU CBT CENTRE, BESIDE COLLEGE LIBRARY, COLLEGE OF EDUCATION, OJU, BENUE STATE",BENUE
363,"363 CBT CENTRE ZONAL EDUCATION QUALITY ASSURANCE, MALUMFASHI, KATSINA STATE",KATSINA
522,"522 COMMAND SCIENCE SECONDARY SCHOOL, B.A.D ROAD, LAFIA, NASARAWA STATE",NASARAWA
446,"446 MICHAEL OTEDOLA PRIM. COLLEGE OF EDUCATION(CNTR.1)KM 7, EPE-IJEBUODE ROAD,NOFORIJA,EPE, LAGOS STATE",LAGOS
202,"202 IMT DIGITAL LEARNING MANAGEMENT INSTITUTE CENTRE (IMT/DLMI)  2, CAMPUS 3, ENUGU,  ENUGU STATE",ENUGU
686,"686 BEST INTELLECT INTERNATIONAL ACADEMY CBT,  NO 93 OGUNSAIKI STREET, ALONG CENTRAL MOSQUE OLD KUTUNKU, GWAGWALADA,  ABUJA.",FCT-ABUJA
639,"639 PERFECT WISDOM COLLEGE, CBT CENTRE, NO 13, LOKOSU STREET, ADULOJU, BODIJA, IBADAN, OYO STATE",OYO
57,"57 FEDERAL COLLEGE OF EDUCATION (TECHNICAL) UMUNZE -MAIN CAMPUS CENTRE II, ANAMBRA STATE",ANAMBRA
89,"89 NIGER DELTA UNIVERSITY CTR1, NEW SITE AMASSOMA, BAYELSA STATE",BAYELSA
96,"96 EXECELLENT INT'L COLLEGE CBT CENTRE (CENTRE 1), BEHIND TOR TIV GUEST HOUSE, OFF YANDEV-ALIADE ROAD, NEAR ROAD SAFETY, GBOKO, BENUE STATE",BENUE
282,"282 HUSSAINI ADAMU FEDERAL POLTECHNIC, ALONG KANO-DAURA ROAD, KAZAURE, JIGAWA STATE",JIGAWA
435,"435 PERFECT ANGELS CBT CENTRE, 12 MOSES EMEYA CLOSE, OFF SOCIAL CLUB ROAD, ABULE-EGBA, LAGOS STATE",LAGOS
121,"121 CROSS RIVER STATE COLLEGE OF EDUCATION ICT CENTRE, E-LIBRARY, AKAMKPA, CROSS RIVER STATE",CROSS-RIVER
275,"275 B.H.T INTERSYSTEM L.T.D, DUTSE BYE PASS OPPOSITE AWAJIL FILING STATION, DUTSE, JIGAWA STATE",JIGAWA
199,"199 MAYRAYS DIGITAL PLUS, MAYRAYS SCHOOLS ICT CENTRE,  HOUSING ESTATE, FEGGE ONITSHA, ANAMBRA STATE",ANAMBRA
2,"2 ZEETECH SYSTEM AND COMM.LTD, ZEE INSTITUTE OF INFORMATION TECHNOLOGY,NETWORK HOUSE OPP.UNN MAINGATE, NSUKKA, ENUGU STATE",ENUGU
339,"339 JAMB PROFESSIONAL TEST CENTRE (PTC), FARAWA. BESIDE NATIONAL CENTRE FOR MASS LITERACY ADULT AND NON FORMAL EDUCATION, FARAWA KANO",KANO
283,"283 JIGAWA STATE INSTITUTE OF INFORMATION TECH. 3KM KANO-DAURA ROAD KAZAURE, JIGAWA STATE",JIGAWA
55,"55 NKEMEFUNA FOUNDATION (THOMAS CHIDIOKA CENTRE FOR HUMAN DEVELOPMENT) MIKE AJEAGBO ROAD, NEAR SHEPHERD COUNTY HOME HOTEL OBOSI, ANAMBRA STATE.",ANAMBRA
710,"710 EBENEZER INTERNATIONAL SCHOOL, NO. 23, BARRY WHITE STREET, NEAR MTN MAST, ELIMGBU SLAUGHTER, ELIMGBU, PORT HARCOURT, RIVERS STATE",RIVERS
34,"34 IBOM INSTITUTE OF MANAGEMENT AND TECHNOLOGY, OFF ABA ROAD, BY MICKON FILLING STATION, IKOT EKPENE, AKWA IBOM STATE",AKWA-IBOM
387,"387 MULTIPURPOSE ICT/E-EXAM CENTRE, KOGI STATE UNIVERSITY, ANYIGBA, KOGI STATE",KOGI
389,"389 SEAGATE COMMUNICATION AND NETWORKING, ALONG FEDERAL POLYTECHNIC ROAD, BY MODA MOTEL, IDAH, KOGI STATE",KOGI
341,"341 KANO POLY, SCHOOL OF TECHNOLOGY MATAN FADA ROAD, KANO, KANO STATE",KANO
66,"66 NWAFOR ORIZU COLLEGE OF EDUCATION NSUGBE E - LIBRARY, CENTRE 2, 3:3 JUNCTION,NSUGBE, ANAMBRA STATE",ANAMBRA
192,"192 PHOENIX CBT, BLOCK A, PHOENIX BUILDING, OKURUMEH ESTATE, BESIDE UBE OFFICE, IKERE ROAD, ADO EKITI, EKITI STATE",EKITI
660,"660 EMMANUEL ALAYANDE COLLEGE OF EDUCATION, E-LIBRAY, OYO, OYO STATE",OYO
217,"217 ADUVIE INTERNATIONAL SCHOOL, N0 1 ADUVIE CLOSE OFF ADUVIE WAY, JAHI DISTRICT , ABUJA, FCT",FCT-ABUJA
228,"228 WILLSTROM LIMITED. NAOWA INSTITUTE OF MANAGEMENT AND TECHNONLOGY, MAMBILLA BARRACKS, ASOKORO, ABUJA, FCT",FCT-ABUJA
528,"528 UMARU TANKO AL-MAKURA CBT CENTRE BEHIND TA'AL MODEL E-LIBRARY ADJACENT JAMB LAFIA ZONAL OFFICE LAFIA, NASARAWA STATE",NASARAWA
668,"668 LADOKE AKINTOLA UNIVERSITY OF TECHNOLOGY, CENTRE 1, SKYE BANK HALL , OGBOMOSO. OYO STATE",OYO
555,"555 ABRAHAM ADESANYA POLYTECHNIC, JKK CBT CENTRE, IJEBU-IGBO, OGUN STATE",OGUN
35,"35 LOAM POLYTECHNIC, KM 4, OLD ITU ROAD, IKONO AKWA IBOM STATE",AKWA-IBOM
421,"421 UNIVERSITY OF ILORIN CBT CENTRE, CENTRE 4, ILORIN KWARA STATE",KWARA
538,"538 FEDERAL UNIVERSITY OF TECH, ELECTRONIC TEST CENTRE , GIDAN KWANO CAMPUS, MINNA, NIGER STATE",NIGER
455,"455 MEMKAD SCHOOLS CBT CENTRE, 10/12 SULE STR.SULE B/STOP IJEGUN, LAGOS STATE",LAGOS
675,"675 PLATEAU STATE POLYTECHNIC, HEIPANG, BARKIN LADI,  PLATEAU STATE",PLATEAU
58,"58 FEDERAL COLLEGE OF EDUCATION (TECHNICAL) UMUNZE -MAIN CAMPUS CENTRE III, ANAMBRA STATE",ANAMBRA
179,"179 COLLEGE OF EDUCATION, ALONG UROMI- AGBOR EXPRESSWAY, IGUEBEN, EDO STATE",EDO
124,"124 UNIVERSITY OF CALABAR E-LIBRARY COMPLEX, ETTE AGBOR ROAD, CALABAR, CROSS RIVER STATE",CROSS-RIVER
162,"162 EBONYI STATE UNIV. CBT CTR. 2 (PERM. SITE) ALONG ENUGU-ABAKALIKI EXPR-WAY, EZZAMGBO, EBONYI STATE",EBONYI
609,"609 FEDERAL POLYTECHNIC, SOUTH CAMPUS CBT CENTRE, EDE, OSUN STATE.",OSUN
156,"156 DELTA STATE UNIVERSITY, ELECTRONIC EXAM CENTRE 2, CAMPUS 3, ABRAKA, DELTA STATE",DELTA
394,"394 YABMA INTERNATIONAL SCIENCE ACADEMY, HON. YAKUBU YUNUSA AVENUE, 500 UNITS, GANAJA ROAD, LOKOJA, KOGI STATE",KOGI
578,"578 PRIME TOUCH COMPUTER, PLOT 5 & 6, BESIDE GZI COMPANY AREA 5, OPIC ESTATE, IPERIN, OGUN STATE",OGUN
641,"641 ALUKO E-NET ICT CENTRE ROAD 3, AMOO ALI-BOLARIN LAYOUT,BEHIND T.O.G OIL AND GAS FILLING STATION,NNPC ROAD, APATA, IBADAN, OYO STATE",OYO
189,"189 FEDERAL UNIVERSITY, OYE-EKITI ICT CENTRE, OYE EKITI,  EKITI STATE",EKITI
649,"649 THE POLYTECHNIC IBADAN ICT CENTRE 2 BESIDE WEMA BANK, IBADAN,  OYO STATE",OYO
445,"445 ISLAND COMPUTER COLLEGE LIMITED, CRANE SCHOOL, 6 ADENUGA CLOSE, OPPOSITE SAFEWAY B/STOP, LEKKI EXPRESSWAY, SANGOTEDO, LAGOS STATE",LAGOS
16,"16 XYZ TECHNOLOGIES, NEW SECRETATIAT, BESIDE UCDA BUILDING, OFF ASUBEB JUNCTION,UMUAHIA, ABIA STATE",ABIA
414,"414 MATRIX CBT CENTRE, BESIDE F DIVISION POLICE STATION"", KWARA STATE"
191,"191 MATER CHRISTI SCHOOL CBT CENTRE, MATER CHRISTI CATHOLIC GIRLS HIGH SCHOOL, OKE AGA HILL, IGEDE-EKITI,  EKITI STATE",EKITI
8,"8 JAMB OFFICE CENTRE 3, AREA H BY CONCORD BUS STOP, OPPOSITE SAGA SUITE, BESIDE LABOUR HOUSE, OWERRI, IMO STATE.",IMO
56,"56 FEDERAL COLLEGE OF EDUCATION (TECHNICAL) UMUNZE -MAIN CAMPUS CENTRE I,UMUNZE,  ANAMBRA STATE",ANAMBRA
269,"269 JAMB OFFICE CENTRE 2, AREA H BY CONCORD BUS STOP, OPPOSITE SAGA SUITE, BESIDE LABOUR HOUSE, OWERRI, IMO STATE.",IMO
335,"335 HAMDALA SCIENCE COLLEGE, LAYIN HAMDALA MEDILE, OFF ZOO ROAD, SABUWAR GANDU, KANO, KANO STATE",KANO
278,"278 FEDERAL UNIVERSITY ICT/CBT CENTER, DUTSE BE PASS, DUTSE, JIGAWA STATE",JIGAWA
658,"658 DAMDAV CBT CENTRE II, OPPOSITE KAJOLA LOCAL GOVERNMENT QUARTERS, OKEHO. OYO STATE.",OYO
151,"151 MICHEAL AND CECILIA IBRU UNIVERSITY (MCIU), IBRU VILLAGE, AGBARHA-OTOR, UGHELLI, DELTA STATE",DELTA
93,"93 AMEEWUA MODEL COLLEGE ICT/CBT CENTRE, OPP HIGH COURT CLOSE TO KWANDE LOCAL GOVERNMENT SECRETARIAT, ADIKPO, KWANDE LGA, BENUE STATE",BENUE
132,"132 COLLEGE OF EDUCATION, ICT CENTRE, OPPOSITE SHELL GATE EDJEBA, ALONG NNPC COMPLEX ROAD,  WARRI, DELTA STATE",DELTA
247,"247 FEDERAL COLLEGE OF EDUCATION (TECHNICAL), GOMBE CBT EXAMS HALL, GOMBE STATE",GOMBE
64,"64 ST. JOHN OF GOD ICT HUB, BESIDE ST. PATRICK'S CATHOLIC CATHEDRAL AWKA, ANAMBRA STATE",ANAMBRA
691,"691 FEDERAL COLLEGE OF EDUCATION (CENTRE 2), JOS-PANSHIN ROAD, PANKSHIN, PLATEAU STATE.",PLATEAU
496,"496 MICTEC INTERNATIONAL CBT CENTRE, 23-29 EMMANUEL STREET, OFF OGUDU ROAD, OGUDU/OJOTA, LAGOS STATE",LAGOS
235,"235 DARUL ARQAM ISLAMIC INSTITUTE, LAMIDO ZUBAIRU ROAD, YOLA BYE-PASS YOLA TOWN, ADAMAWA STATE",ADAMAWA
50,"50 AFRITECH CBT CENTER, No 65/67 Ukpor Road, Through Larcel Junction, Beside Lippo Water or Behind Cento",ANAMBRA
62,62 FEDRAL POLYTECHNIC OKO AUDITORUM CENTRE III ANANMBRA STATE,ANAMBRA
759,"759 ZAMFARA COLLEGE OF ARTS AND SCIENCE (ZACAS), CBT CENTRE, OLD YAHAYA GUSAU SECRETARIAT, SOKOTO ROAD, GUSAU, ZAMFARA STATE",ZAMFARA
21,"21 CAPITAL GOVERNMENT DAY SECONDARY SCHOOL, GALADIMA AMINU WAY, JIMETA -YOLA NORTH L.G.A, ADAMAWA STATE",ADAMAWA
6,"6 Imo State University, CBT Centre, ICT Directorate, Owerri Imo State",IMO
742,"742 OPPOSITE SENATE BUILDING, TARABA STATE UNIVERSITY, JALINGO, TARABA STATE",TARABA
255,"255 UNIVERSITY MAIN LIBRARY CBT CENTRE, GOMBE STATE UNIVERSITY, GOMBE, GOMBE STATE",GOMBE
133,"133 WAEC INTERNATIONAL OFFICE CBT (CTR. 1), OGUNMWENTIN COMMUNITY, OFF UGBOR VILLAGE RD, BENIN CITY, EDO STATE",EDO
210,"210 CENTRE FOR DISTANCE LEARNING, CBT CENTRE, OPP. GS BUILDING, UNIVERSITY OF NIGERIA (UNN), NSUKKA, ENUGU STATE",ENUGU
656,"656 ADESEUN OGUNDOYIN POLYTECHNIC,(AOPE) CBT CENTRE, ERUWA, OYO STATE",OYO
273,"273 UNIQUE COMPUTER INSTITUTE, 2/3 HOSPITAL /ORLU ROAD BY WAREHOUSE BUS STOP, OWERRI, IMO STATE",IMO
268,"268 PRIME TIME COLLOSSEUM, PLOT 9-11 FEDERAL SECRETARIAT LAYOUT BESIDE FEDERAL HIGH COURT,NEW OWERRI, IMO STATE",IMO
65,"65 LADY HANNAH CBT CENTRE, ST. JAMES ANGLICAN CHURCH OPPOSITE ABS TELEVISION STATION, ORAIFITE STREET, AWADA,ONITSHA, ANAMBRA STATE",ANAMBRA
313,"313 ZARIA EDUCATION DEVELOPMENT ASSOCIATION (ZEDA) CBT CENTRE, GASKIYA ROAD OPPOSITE BAREWA COLLEGE, ZARIA, KADUNA STATE.",KADUNA
765,"765 JAMB PTC  CENTRE 1, (JAMB PTC WING), HASSAN USMAN KATSINA ROAD, ZONE 8, BESIDE WAEC LOKOJA, KOGI STATE",KOGI
773,"773 POLICE SECONDARY SCHOOL CBT CENTRE, DUTSEN KURA, MINNA. NIGER STATE",NIGER
246,"246 EL-LAWANTY ICT CENTER, COMMERCIAL AREA, NEAR DOMA HOSPITAL GOMBE",GOMBE
726,"726 SOKOTO STATE UNIVERSITY, CBT CENTRE, ALONG BIRNIN KEBBI ROAD, MADORAWA SOKOTO, SOKOTO STATE",SOKOTO
470,"470 SUBLIME COLLEGE COMPUTER CENTRE 6,BAKERY STRT,  NEW MEBAMU, CELE NICA B/STOP, ALONG BADAGRY EXP. WAY, OJO, LAGOS STATE",LAGOS
303,"303 ST. THADDEUS SCIENCE ACADEMY CBT CENTRE 1, MADAKIYA, KADUNA STATE",KADUNA
590,"590 ADEKUNLE AJASIN UNIVERSITY, ICT CENTRE 1, AKUNGBA-AKOKO, ONDO STATE",ONDO
352,"352 SAADATU RIMI COLLEGE OF EDUCATION, ZARIA ROAD, NAIBAWA, KANO, KANO STATE",KANO
281,"281 SULE LAMIDO UNIVERSITY, KM2 JAHUN-KANO ROAD, KAFIN HAUSA, JIGAWA STATE",JIGAWA
279,"279 JAMB PROFESSIONAL TEST CENTRE (PTC), JAMB OFFICE, DUTSE ,PLOT 269/270, MECHANICS VILLAGE, BYE-PASS,  DUTSE, JIAGAWA STATE",JIGAWA
534,"534 BRILLIANT IMPACT INTERNATIONAL ACADEMY CBT CENTRE, PLOT 1,2 & 3 BRILLIANT IMPACT STREET, ANGWAN- TOMATO GAURAKA, GAURAKA BUS-STOP OPPOSITE SHEMA FILLING STATION OFF ABUJA - KADUNA EXPRESS WAY TAFA L.G.A. NIGER STATE",NIGER
735,"735 DIGAL INDUSTRIAL ENTERPRISES , JALINGO, TARABA STATE",TARABA
615,"615 COLLEGE OF EDUCATION, FOREIGN LINKS CAMPUS, MORO IFE NORTH, OSUN STATE.",OSUN
348,"348 AL-AZHAR CBT CENTER, AL-AZHAR SCHOOL, KANO. ALONG GWARZO ROAD (BUK NEW SITE ROAD0, KANO",KANO
510,"510 MINISTRY OF EDUCATION STAFF COOPERATIVE THRIFT &AMP; LOANS SOCIETY, VOCATIONAL AND RELEVANT TECHNOLOGY BOARD, ADJACENT POLICE CHILDREN SCHOOL, BEHIND OLD ACCESS BANK, JOS ROAD, LAFIA, NASARAWA STATE",NASARAWA
526,"526 NASARAWA STATE POLYTHECNIC, OMBI 1, JOS ROAD, LAFIA, NASARAWA STATE",NASARAWA
238,"238 HANDMAIDS GIRLS SECONDARY SCHOOL, PLOT 783 + 784, SAUKA EXTENSION, KUJE, ABUJA, FCT",FCT-ABUJA
80,"80 AN-NUR E-LEARNING CENTRE, NO. 18 MOHAMMAD BELLO KIRFI ROAD BAUCHI, BESIDE AIRTEL OFFICE, BAUCHI STATE",BAUCHI
266,"266 MATER ECCLESIAE SEMINARY, NGURU, ABOH MBAISE, IMO STATE, CLOSE TO HOLY TRINITY CATHOLIC PARISH, OBIBI, NGURU, ABOH  MBAISE, IMO STATE",IMO
568,"568 BELLS UNIVERSITY OF TECH. K/M 8 IDI-IROKO RD. OTA, OGUN STATE",OGUN
637,"637 JAMB PROFESSIONAL TEST CENTRE (PTC), JAMB ZONAL OFFICE, QUARTERS 845, AGODI G.R.A, IBADAN, OYO STATE",OYO
762,"762 JAMB PTC  CENTRE 1 (JAMB WING) QUARTER 92 ALAGBAKA ESTATE, NEAR CBN OFFICE, IBB AVENUE, AKURE , ONDO STATE",ONDO
515,"515 KADA MODEL ICT CENTER, AREA 1, AKWANGA JUNCTION, MASAKA, KARU, NASARAWA STATE",NASARAWA
416,"416 NANA AISHAT MEMORIAL COLLEGE OF EDUCATION, ALONG SOBI SPECIALIST HOSPITAL ROAD, ALAGBADO, ILORIN, KWARA STATE",KWARA
159,"159 ANNUNCIATION ICT CTR., ST. PATRICK'S CATH. CHURCH, KPIRI- KPIRI, ABAKALIKI, EBONYI STATE",EBONYI
79,"79 ALFURQAN INTERNATIONAL ACADEMY, ALONG DASS ROAD, NEAR YARIMA GIADES HOUSE, BAUCHI STATE",BAUCHI
597,"597 ICON ONLINE PROFESSIONAL TUTORS CENTRE 2, PLOT 22/23 TINUADE COMMERCIAL HOUSE, OLOGUNERU ROAD, ELEYELE, IBADAN, OYO STATE",OYO
154,"154 DELTA STATE UNIVERSITY, DIGITAL CENTRE, ABRAKA, DELTA STATE",DELTA
764,"764 JAMB PTC MEGA CENTRE 1, (JAMB PTC WING)JAMB OFFICE KATSINA DUTSINMA ROAD BY AL-QALAM ROUND ABOUT, KATSINA STATE.",KATSINA
18,"18 FEDERAL POLYTECHNIC, BONI HARUNA ROAD AFTER TECHNICAL SECONDARY SCHOOL BARAMA MUBI NORTH, ADAMAWA STATE",ADAMAWA
741,"741 TARABA STATE COLLEGE OF HEALTH AND TECHNOLOGY, BEHIND GEN. HOSP. TAKUM, TARABA STATE",TARABA
708,"708 AVE MARIA INTERNATIONAL ACADEMY CTR 2 OPPOSITE DEEPER LIFE BIBLE CHURCH HQTRS, EAST-WEST RD, RUMUODARA, PHC, RIVERS STATE",RIVERS
225,"225 LEAD BRITISH INTERNATIONAL SCHOOL, BESIDE FEDERAL STAFF HOSPITAL, SETRACO GATE, GWARIMPA, ABUJA, FCT",FCT-ABUJA
698,"698 EVINOK CONNECTION NIG. LTD, 128C OLD REFINERY ROAD, ELELENWO, RIVERS STATE",RIVERS
376,"376 COMMAND SCIENCE SECONDARY SCHOOL (BOYS) JEGA ICT CENTRE BIRNINKEBBI ROAD,OPPOSITE AISHA BUHARI SPECIALIST HOSPITAL JEGA,KEBBI STATE",KEBBI
383,"383 KEBNA ICT CENTRE, RIKOTO AREA, SOKOTO ROAD, ZURU, KEBBI STATE.",KEBBI
755,"755 AMLAK TECHNOLOGY CBT CENTER IIRNOPPOSITE GLO OFFICE, SOKOTO ROAD, GUSAU, ZAMFARA STATE",ZAMFARA
768,"768 JAMB PROFESSIONAL TEST CENTRE II, (NCC WING) BEHIND TECHNICAL COLLEGE WAEC ROAD ALEKUNWODO, OSOGBO, OSUN STATE.",OSUN
24,"24 MODIBBO ADAMA UNIVERSITY OF TECHNOLOGY, (MAUTECH) CBT HALL, ALONG MUBI ROAD, GIREI LGA, YOLA, ADAMAWA STATE",ADAMAWA
85,"85 DIVINE SEEDS PRINTING CBT CENTRE, 20 EDIAM STREET EKET.",AKWA-IBOM
86,"86 FEDERAL UNIVERSITY OTUOKE (TETFUND BUILDING), BAYELSA STATE",BAYELSA
682,"682 FEDERAL COLLEGE OF FORESTRY, BAUCHI ROAD, OPPOSITE BAUCHI MOTOR PARK, JOS, PLATEAU STATE",PLATEAU
258,"258 MARIANNA COLLEGE OKIGWE, ENUGU/PORTHARCOURT EXP. WAY(OPP. FGC) OKIGWE, IMO STATE",IMO
402,"402 LANDMARK UNIVERSITY CBT CENTRE, FIRST COLLEGE BUILDING, LANDMARK UNIVERSITY, OMU-ARAN, KWARA STATE",KWARA
395,"395 AAGES GLOBAL LINKS CBT CENTRE, ST. AUGUSTINES COLLEGE, KABBA, KOGI STATE",KOGI
730,"730 USMANU DANFODIYO UNIVERSITY, SOKOTO, CBN HALL, PRO METRIC ICT CENTRE, MAIN CAMPUS, SOKOTO, SOKOTO  STATE",SOKOTO
644,"644 EMBETH CBT CENTRE, NEW GARAGE/AKALA EXPRESS WAY, OPPOSITE RICHBAM FILLING STATION, KUOLA BUS STOP, IBADAN, OYO STATE",OYO
763,"763 JAMB PTC  CENTRE 2 (NCC WING) QUARTER 92 ALAGBAKA ESTATE, NEAR CBN OFFICE, IBB AVENUE, AKURE , ONDO STATE",ONDO
673,"673 NAKAM MEMORIAL SECONDARY SCHOOL, PANYAM-PANKSHIN ROAD, PANYAM, PLATEAU STATE",PLATEAU
477,"477 LAGOS STATE POLYTECHNIC,SHAGAMU ROAD, IKORODU, LAGOS STATE",LAGOS
190,"190 JAMB PROFESSIONAL TEST CENTRE (PTC), BESIDE NEW CBN OFFICE, NEW IYIN ROAD, ADO-EKITI,  EKITI STATE",EKITI
229,"229 ADEOLA INTERNATIONAL SCHOOL, OPPOSITE (ARMY)VETERAN PLAZA, KUBWA, ABUJA, FCT",FCT-ABUJA
499,"499 ANTI-CORRUPTION ACADEMY OF NIGERIA, KM 46, ABUJA-KEFFI EXPRESSWAY, BESIDE NASARAWA STATE NYSC ORIENTATION CAMP, KEFFI, NASARAWA STATE",NASARAWA
420,"420 UNIVERSITY OF ILORIN CBT CENTRE, CENTRE 1, ILORIN KWARA STATE",KWARA
409,"409 IMAM HAMZAT COLLEGE OF EDUCATION CBT CENTRE, OKO-OLOWO AREA, ALONG NEW JEBBA EXPRESS WAY, ILORIN, KWARA STATE",KWARA
646,"646 ICON ONLINE PROFESSIONAL TUTORS,PLOT 22/23 TINUADE COMMERCIAL HOUSE,OLOGUNERU ROAD, IBADAN, OYO STATE",OYO
411,"411 KINGSTEP CBT CENTRE, OLADOKUN - KINGSTEP INTERNATIONAL GROUP OF SCHOOLS, ITA - ELEPA, OFF ASA DAM ROAD, ILORIN, KWARA STATE",KWARA
638,"638 PEFTI CBT CENTE, 32 OYO ROAD, COCA COLA AEA, IBADAN, OYO STATE",OYO
45,"45 INTEGRAL DEVELOPMENT KONSULT, 18/20 ENUGU-ONITSHA EXPRESSWAY, WHITE HOUSE, AWKA, ANAMBRA STATE.",ANAMBRA
690,"690 FEDERAL COLLEGE OF EDUCATION ( CENTRE 1) JOS-PANSHIN ROAD, PANKSHIN, PLATEAU STATE.",PLATEAU
751,"751 ISAH NGURU VENTURES, MAI MUSTAPHA STREET EASTERN BYE PASS, CENTRE 2, NGURU, YOBE STATE",YOBE
205,"205 MARIST POLYTECHNIC CBT CENTRE, ADORATION ROAD TRU  REHAB ROAD, OYE-EMENE, ENUGU, ENUGU STATE",ENUGU
95,"95 FIDEI POLYTECHNIC GBOKO, KM 8 GBOKO ALIEDE ROAD ,",BENUE
677,"677 SHANG TONG ICT CENTER, PLOT 3 DR. MAZADU BAKO AVENUE MANGU, PLATEAU STATE",PLATEAU
721,"721 BLUE CRESCENT SCHOOLS CBT CENTRE, MABERA AREA SOKOTO, SOKOTO STATE",SOKOTO
630,"630 EXCELLENT EDUCATIONAL INSTITUTE CBT CENTRE, ZONE 1, AYEKALE ESTATE, AYEKALE. OFF IKIRUN-OSOGBO ROAD, ALONG STREET OPPOSITE OTA EFUN GARAGE, OSOGBO.",OSUN
624,"624 CHRIST THE KING ACADEMY SCHOOL LTD., (CKC) BML1 AYENI CRESCENT OMI-ASORO, ILESA, OSUN STATE.",OSUN
26,"26 MODIBBO ADAMA UNIVERSITY OF TECHNOLOGY, CENTRE-3, ALONG MUBI ROAD, GEREI LGA, YOLA, ADAMAWA STATE",ADAMAWA
103,"103 INTERCONTINENTAL COLLEGE OF TECHNOLOGY MAKURDI (ICTM), KM2, NEW OTUKPO ROAD MAKURDI",BENUE
5,"5 FEDERAL POLYTECHNIC NEKEDE CBT CENTRE I, NEKEDE, IMO STATE",IMO
681,"681 ECWA INTERNATIONAL COLLEGE OF TECHNOLOGY, 7, JOSEPH GOMWALK ROAD, OPP. DSTV OFFICE, JOS, PLATEAU STATE.",PLATEAU
734,"734 GSS GEMBU CBT CENTRE, KAKA QUARTERS, GEMBU, TARABA STATE",TARABA
1,"1 RENNAISSANCE UNIVERSITY CBT CENTRE,  UGBAWKA - ENUGU, ENUGU STATE.",ENUGU
92,"92 UNIVERSITY OF AFRICA TORU-ORUA SAGBAMA, BAYELSA STATE.",BAYELSA
715,"715 STATE PRIMARY SCHOOL 1, CHURCHILL, BOROKIRI, PORT HARCOURT, RIVERS STATE",RIVERS
71,"71 A.D RUFA'I CLIS MISAU, A.D RUFA'I COLLEGE MISAU, BAUCHI STATE P.M.B 004, MISAU, BAUCHI STATE",BAUCHI
740,"740 STENA IT ACADEMY CBT CENTRE, EQUATY PLAZA, BEHIND POLARIS BANK, TARABA STATE",TARABA
215,"215 UNIVERSITY OF NIGERIA, MTN LIBRARY, NSUKKA, ENUGU STATE",ENUGU
729,"729 USMANU DANFODIYO UNIVERSITY ICT CENTRE, DUNDAYE, MAIN CAMPUS, SOKOTO, SOKOTO STATE",SOKOTO
212,"212 HENRYBEN COMPUTER SCHOOL NO. 105 UGWUOYE ENUGU ROAD, NSUKKA, ENUGU STATE",ENUGU
419,"419 SOCRATES COLLEGE (CBT CENTRE), AROMARADU, ADETA ILORIN ,KWARA STATE",KWARA
82,"82 GIWO SCIENCE ACADEMY CBT, GIWO SCIENCE ACADEMY, KANO ROAD, BAUCHI. BAUCHI STATE",BAUCHI
75,"75 HALL 2- JAMB/NCC PROFESSIONAL TEST CENTRE (PTC), AMINU SALEH COLLEGE OF EDUCATION, AZARE, BAUCHI STATE",BAUCHI
636,"636 I-FLIER INT SCHOOL CBT CENTRE 2, UNIT 1-3, I- FLIER COLLEGE ROAD, OPPOSITE DON BOSCO YOUTH CENTRE, OGUNGBADE ROAD, EGBEDA, IBADAN, OYO STATE",OYO
226,"226 SASCON INTERNATIONAL SCHOOL CBT CENTER, N0. 19 YESERDAM STREET , MAITAMA, ABUJA , FCT",FCT-ABUJA
417,"417 NIGERIA ARMY COLLEGE OF EDUCATION, SOBI BARRACKS, ILORIN, KWARA STATE",KWARA
280,"280 JIGAWA STATE COLLEGE OF EDUCATION GUMEL, KANO ROAD, JIGAWA STATE.",JIGAWA
113,"113 DIRECTORATE OF ICT NIGERIAN ARMY UNIVERSITY BIU CENTRE 2. NO 1 BIU-GOMBE ROAD, PMB 1500 BIU, BORNO STATE",BORNO
231,"231 JAMB PROFESSIONAL TEST CENTRE (PTC), KOGO, BWARI, ABUJA, FCT",FCT-ABUJA
442,"442 WISDOM HOUSE CBT CENTRE 1, 26, YAYA ABATAN, OGBA, LAGOS , LAGOS STATE",LAGOS
116,"116 DIRECTORATE OF ICT NIGERIAN ARMY UNIVERSITY BIU CENTRE 1. NO 1 BIU-GOMBE ROAD, PMB 1500 BIU, BORNO STATE",BORNO
676,"676 LINCOLN COLLEGE OF SCI, MGT AND TECHNOLOGY, JIKWOYI.",FCT-ABUJA
623,"623 CBT CENTRE, OSUN STATE COLLEGE OF EDUCATION, ALONG IBODI-IFE ROAD, ILESA, OSUN STATE",OSUN
186,"186 COLLEGE OF HEALTH SCIENCE & TECHNOLOGY IJERO CBT CENTRE, EPE ROAD, IJERO-EKITI,  EKITI STATE",EKITI
635,"635 I-FLIER INT SCHOOL CBT CENTRE 1,UNIT 1-3, I- FLIER COLLEGE ROAD, OPPOSITE DON BOSCO YOUTH CENTRE, OGUNGBADE ROAD, EGBEDA, IBADAN",OYO
747,"747 SHEHU SULE COLLEGE OF NURSING AND MIDWIFERY IBRAHIM GAIDAM ICT, OPPOSITE STATE SPECIALIST HOSPITAL DAMATURU",YOBE
640,"640 ABDUL OCEAN WEALTH CBT CENTRE, 6 ,TIOYA JUNCTION, AKANRAN ROAD, OLORUNSOGO IBADAN, OYO STATE",OYO
330,"330 EMIRATE COLLEGE OF HEALTH SCIENCES & TECH INTERPRENUERSHIP CENTRE LAB 1. TUDUN YOLA ESTATE, KABUGA SATELITE TOWN, OFF GWARZO ROAD KANO STATE",KANO
322,"322 BAYERO UNIVERSITY, KANO, NEW SITE, BERGER LEARNING CENTRE, GWARZO ROAD, KANO, KANO STATE",KANO
336,"336 HUDAIBIYYA CBT CENTER PLOT 1 AND 2 AJACENT TO HISBA BOARD SHARADA PHASE I , KANO, KANO STATE",KANO
480,"480 THE 11-30 HALL EBUTE IGBOGBO ROAD, SOLEBO JUNCTION, IKORODU, LAGOS STATE",LAGOS
76,"76 MISAU EMIRATE ICT CENTRE, NO.5 KANO KARI ROAD, MISAU, BAUCHI STATE",BAUCHI
707,"707 AVE MARIA INTERNATIONAL ACADEMY CTR 1 OPPOSITE DEEPER LIFE BIBLE CHURCH HQTRS, EAST-WEST RD, RUMUODARA, PHC, RIVERS STATE",RIVERS
725,"725 NANANET GLOBAL FLEET CBT CENTER RN101 OPPOSITE STAFF QUARTERS GATE, GOVERNMENT TECHNICAL COLLEGE, KAURA NAMODA, ZAMFARA STATE",ZAMFARA
564,"564 VALIANTS HAVILAH CBT CENTRE, GOVERNMENT TECHNICAL COLLEGE ROAD, EJIOKU, IBADAN,OYO STATE",OYO
83,"83 SAFUZ ICT HUB, BSADP QUARTERS OFF DASS ROAD BAUCHI, BAUCHI STATE.",BAUCHI
99,"99 QUEEN OF THE ROSARY SEC. SCH. CBT CENTRE, BEHIND TOTAL FILLING STATION ALONG MAKIR ZAKPE ROAD, GBOKO, BENUE STATE",BENUE
240,"240 JUNIOR SECONDARY SCHOOL, JIKWOYI, NO 2, BEFORE MOBIL FILLING STATION, JIKWOYI, FCT.",FCT-ABUJA
128,"128 DELTA STATE LIBRARY CBT, OPP. FELIX IBRU SECRETARIAT, MARYAM BABAGINDA ROAD, ASABA, DELTA STATE",DELTA
585,"585 GATEWAY ICT POLY. K/M 55 LAGOS-IBADAN EXP. WAY SAAPADE ESTATE, SAAPADE, OGUN STATE",OGUN
305,"305 AWESONS ACADEMY, ZARIA, ALONG W.T.C ROAD BEFORE WATER BOARD, ANGUWAN KAYA, ZARIA, KADUNA STATE",KADUNA
574,"574 HSS AMAZING, HOLY SAVIOUR SCHOOL 30/32 OLD OTA ROAD, ADELEYE, APARADIJA, ISUNBA, LAFENWA, ITELE, OGUN STATE.",OGUN
182,"182 AFE BABALOLA ADO EKITI (ABUAD) CENTRE 1, KM 8.5, AFE BABALOLA WAY, IJAN ROAD, ADO-EKITI,  EKITI STATE",EKITI
745,"745 FEDERAL COLLEGE OF EDUCATION (TECHNICAL), VIRTUAL LIBRARY, MOHAMMED IDRISSA WAY, POTISKUM, YOBE STATE.",YOBE
249,"249 GOVERNMENT GIRLS SCIENCE SECONDARY SCHOOL KUMO (PTDF CBT), ALONG GOMBE-YOLA ROAD, KUMO, AKKO LGA, GOMBE STATE",GOMBE
728,"728 UMARU ALI SHINKAFI POLYTECHNIC SOKOTO, ICT CENTRE, OFF AIRPORT ROAD, FARFARU AREA, SOKOTO, SOKOTO STATE.",SOKOTO
321,"321 AUA TECHNOLOGIES LTD. NO. 505 KOFAR DAWANAU ADJACENT TO DASHERE PETROLEUM, NORTHWEST UNI. ROAD, KANO, KANO STATE",KANO
591,"591 AMABLE NIG.LTD CBT CENTRE 21 OKE-OGUN ROAD, BESIDE ONIREKE HOTEL, ALONG GOVT TECHNICAL COLLEGE, OKE OGUN, OWO, ONDO STATE",ONDO
287,"287 BEIJING INTERNATIONAL SCHOOL, NO 18 SALIM CRESCENT, KAWO NEW EXTENSION, KADUNA STATE.",KADUNA
152,"152 MICHEAL AND CECILIA IBRU UNIVERSITY(MCIU), IBRU FOUNDATION COLLEGE OF EDUCATION CTR-3 AGBARHA-OTOR UGHELLI, DELTA STATE",DELTA
218,"218 CITY STARS ACADEMY CBT, CITY COLLEGE OF EDUCATION BY KARU VILLAGE, FCT",FCT-ABUJA
318,"318 ADVANTURE ASSOCIATE (AA). BEHIND SHESHE SUPERMARKET, OFF HADEJIA ROAD, KANO, KANO STATE",KANO
502,"502 JEREEGA ACADEMY, BEHIND GSS SABON GARI, KEFFI, NASARAWA STATE",NASARAWA
561,"561 OLABISI ONABANJO UNIVERSITY CTR 1, AGO IWOYE ABEOKUTA, OGUN STATE",OGUN
203,"203 IMT DIGITAL LEARNING MANAGEMENT INSTITUTE CENTRE (IMT/DLMI) 1 CAMPUS 3, ENUGU,  ENUGU STATE",ENUGU
486,"486 FARYDHAK CONCEPTS, 100 TOKUNBO  STR, LAGOS ISLAND, LAGOS",LAGOS
117,"117 UNIMAID ICT 1 CENTRE, OPP. ELKANEMI HALL, UNIVERSITY OF MAIDUGURI, MAIDUGURI, BORNO STATE",BORNO
633,"633 DOLVIC SCHOOL CBT CENTRE, HOUSE 1, ROAD 2, IFELODUN ALARU AJARA, IBADAN, OYO STATE",OYO
479,"479 SARINTER COLLEGE, 130, MOSUNMOLA B/STOP IGBO-OLOMU, AGRIC., IKORODU, LAGOS STATE",LAGOS
115,"115 RAMAT POLYTECHNIC CBT CENTRE, OPP. BORNO STATE REVENUE BOARD MAIDUGURI, BORNO STATE",BORNO
662,"662 JAMB PROFESSIONAL TEST CENTRE (PTC), OPPOSITE OOPL, IBB BOULEVARD, OKE MOSAN, ABEOKUTA  CENTRE 2, OGUN STATEE",OGUN
736,"736 FEDERAL UNIVERSITY WUKARI, ALONG KASTINA-ALA ROAD, WUKARI, TARABA STATE",TARABA
274,"274 FUD E-LEARNING CENTRE II, FEDERAL UNIVERSITY DUTSE, IBRAHIM ALIYU BYE-PASS,DUTSE,JIGAWA STATE.",JIGAWA
718,"718 THE NOBLE MONTESSORI CBT NO 4 ORLUWOSU LANE, OFF U.O.E RUMUOLUMENI, PHC, RIVERS STATE",RIVERS
436,"436 TIMEON KAIROS EDUCATIONAL AND VOCATIONAL INSTITUTE.326, ABEOKUTA EXP.WAY SUPER CELE B/STOP ABULE EGBA LAGOS",LAGOS
126,"126 FEDERAL COLLEGE OF EDUCATION, DR JOSEPH WAYAS LIBRARY, OBUDU, CROSS RIVER STATE.",CROSS-RIVER
688,"688 SKYNET INFORMATION TECHNOLOGY INSTITUTE, JOS NO. 15/16 NEAR ZOLOLO JUNCTION BAUCHI ROAD, JOS NORTH. PLATEAU STATE",PLATEAU
700,"700 JOHN WESLEY ICT CENTRE 99/105 HOSPITAL ROAD BORI, KHANA L.G.A,RIVERS STATE",RIVERS
399,"399 S&J EL-LATEEF AND HASSY COMPUTER INSTITUTE, IHIMA COMMUNITY SCIENCE SECONDARY SCHOOL (ICSS), IHIMA, KOGI STATE",KOGI
584,"584 NESAM INTERNATIONAL SCHOOL CBT CENTRE,NESAM INT'L SCHOOL, NO 1 ALEXANDER ROAD, APATA VIA IMMACULATE HOSPITAL",OYO
144,"144 ADAM IGBUDU CHRISTIAN INSTITUTE, UGHELLI-OZORO ROAD, EMEVOR, DELTA STATE",DELTA
532,"532 AIR-MAX COMPUTER INSTITUTE, BESIDE ST. THERESA CATHOLIC CHURCH, MADALLA, NIGER STATE",NIGER
415,"415 METRO CBT CENTRE, BEHIND YASCO TECHNICAL, ADJACENT NNPC FILLING STATION, LUCKY PAT ROAD, AIYETORO AREA, GERIALIMI ILORIN, KWARA STATE",KWARA
87,"87 PEACE INSTITUTE OF MANAGEMENT TECHNOLOGY, KM 4 IKOT ABASI ROAD.",AKWA-IBOM
569,"569 QUEEN VEE SCHOOLS CBT CENTRE, OPPOSITE NIGERIA ARMY POOL RESERVE, OLORUNDA ROAD, AKOBO, OJURIN, IBADAN",OYO
689,"689 UNIVERSITY OF JOS CONSULTANCY LIMITED,NO 11 MURTALA MOHAMMED WAY, JOS NORTH, PLATEAU STATE",PLATEAU
384,"384 ZEDS ICT CENTER, OLD WORKS OFFICE, ZURU, KEBBI STATE",KEBBI
236,"236 CHRIST ACADEMY INTERNATIONAL SCHOOL, PLOT 232 CHRIST ACADEMY STREET OFF ALLIED SURGERY EXPANSION, GWAGWALADA, ABUJA, FCT",FCT-ABUJA
286,"286 ATEKO DIGITAL TECHNOLOGY, L7 ALIYU MAKAMA ROAD BY NARAYI JUNCTION BARNAWA, KADUNA STATE.",KADUNA
188,"188 EKITI STATE UNIVERSITY, ICT, CBT CENTRE, DIRECTORATE OF ICT, EKSU, ADO EKITI,  EKITI STATE",EKITI
466,"466 CONNECTION COMPUTER TRAINING INSTITUTE, 1 CONNECTION STREET, AT CELE NICA B/STOP, OPP BOVAG FILLING STATION, OKOKO  OJO, LAGOS STATE",LAGOS
457,"457 NUBI PRIVATE SCHOOL 7, POPOOLA STREET, POPOOLA B/STOP, AGO PALACE WAY OKOTA, LAGOS STATE",LAGOS
443,"443 WISDOM HOUSE CBT CENTRE 2, 8 MUYIWA CLOSE, OFF AJAYI ROAD, OGBA, LAGOS STATE",LAGOS
547,"547 COMPREHENSIVE HIGH SCHOOL, OKE-OYINBO QUARTERS AYETORO, OGUN STATE",OGUN
622,"622 TOP CONCEPTS INFOTECH SERVICES, TOP CONCEPTS ICT COMPLEX, OKE-OTUBU AREA, FAMIA ROAD, MODAKEKE, OSUN STATE.",OSUN
138,"138 SOLOGHA EKPEMUPOLO CBT, BEHIND OGULAGHA COMMUNITY SECRETARIAT, OGULAGHA, BURUTU LGA, DELTA STATE",DELTA
308,"308 NIGERIAN MILITARY SCHOOL CHINDIT CANTONMENT, ZARIA, KADUNA STATE.",KADUNA
323,"323 BAYERO UNIVERSITY, NEW SITE, E-LEARNING CENTRE, GWARZO ROAD, KANO, KANO STATE",KANO
476,"476 INSPIRA COLLEGE, 29-35 GBERIGBE ROAD, IKORODU, LAGOS STATE",LAGOS
551,"551 FEDERAL UNIVERSITY OF TECHNOLOGY, DIGITAL RESOURCE CENTRE 2, OBANLA, AKURE, ONDO STATE.",ONDO
545,"545 500 COMPUTER LABORATORY, BEHIND PG SCHOOL,FUNAAB, ABEOKUTA, OGUN STATE",OGUN
600,"600 SVILLE TECHNOLOGY CONCEPT (STC) LTD, C.A.C GRAMMAR SCHOOL, ONDO ROAD, AKURE, ONDO STATE.",ONDO
200,"200 FEDERAL COOPERATIVE COLLEGE ICT-HUB, OJI-RIVER, ENUGU STATE",ENUGU
598,"598 OLOYEMEKUN DIGITAL TECH, WITHIN OYEMEKUN GRAMMAR SCHOOL, AKURE, ONDO STATE.",ONDO
505,"505 MELCHIZEDEK ACADEMY, KM 30, ABUJA-KEFFI ROAD, UKE, (NEAR UKE BUS STOP), KEFFI, NASARAWA STATE.",NASARAWA
148,"148 HYACENRY COMPUTER HUBB LTD, KM2 OLEH/OZORO ROAD,  OKPAIVIE QUARTERS, OLEH,  ISOKO SOUTH LGA, DELTA STATE",DELTA
544,"544 FOZY GLOBAL CONCEPTS LTD, CBT CENTER, GOVERNMENT SENIOR SECONDARY SCHOOL (GSS), APO, FCT",FCT-ABUJA
603,"603 DERIMOBO ICT PLACE, DERIMOBO MODEL COLLEGE, AMAPERE ROAD, AGADAGBA, ODO LGA, ONDO STATE",ONDO
626,"626 ICT HALL B, OSUN STATE COLLEGE OF EDUCATION ALONG IBODI-IFE ROAD, ILESA, OSUN STATE.",OSUN
158,"158 ALEX EKWUEME FEDERAL UNIVERSITY,CBT CTR. NDUFU-ALIKE IKWO, EBONYI STATE",EBONYI
611,"611 THE WINGS SCHOOLS CBT CENTRE. PLOT 8-18, THE WINGS SCHOOL CRESCENT, IWO-OSOGBO EXPRESS WAY, IWO, OSUN STATE",OSUN
380,"380 KEBBI STATE UNIVERSITY OF SCIENCE AND TECHNOLOGY,ALIERO CBT CENTRE, ALONG JEGA-SOKOTO ROAD ALIERO, KEBBI STATE.",KEBBI
392,"392 HARMONY SECONDARY SCHOOL CBT CENTRE, LOKONGOMA PHASE 2, LOKOJA, KOGI STATE",KOGI
251,"251 MODEL SCHOOL CBT CENTRE, YOLA ROAD KALTUNGO, GOMBE STATE",GOMBE
618,"618 ICT/CBT HALL B, CENTRE FOR DISTANCE LEARNING OBAFEMI AWOLOWO UNIVERSITY, MORO CAMPUS, OSUN STATE.",OSUN
685,"685 RAJIB COMPUTER ACADEMY, BEHIND UNION BANK, ALONG MUSEUM ROAD, JOS, PLATEAU STATE",PLATEAU
596,"596 HOLLARAM EDUCATIONAL SERVICES, ONDO STATE LIBRARY BOARD COMPLEX, BESIDE ST. PETER UNITY SECONDARY SCHOOL, OYEMEKUN ROAD, AKURE, ONDO STATE",ONDO
616,"616 FOYRMOST VENTURES LTD (FVL) MILLENNIUM CONCEPTS CBT CENTRE HALL-A, ODUDUWA COLLEGE ROAD, OFF FAJUYI ROAD, SABO, ADJACENT STATE FIRE SERVICE BUILDING, OLD ODUDUWA COLLEGE COMPOUND, ILE-IFE. OSUN STATE.",OSUN
756,"756 FEDERAL COLLEGE OF EDUCATION (TECHNICAL), ALONG ZARIA ROAD, GUSAU, ZAMFARA STATE",ZAMFARA
127,"127 KLINNICAPPS ACADEMY, OLD IMAJE ROAD, FORMERLY CHRISTIAN SECONDARY COMMERCIAL SCHOOL, OKUKU, YALA, CROSS RIVER STATE.",CROSS-RIVER
562,"562 OLABISI ONABANJO UNIVERSITY CTR 2, AGO IWOYE ABEOKUTA, OGUN STATE",OGUN
536,"536 2H COMPUTER AND ICT SOLUTIONS, GARIMA PLAZA, BESIDE FUT MINNA BOSSO CAMPUS, MINNA, NIGER STATE",NIGER
491,"491 ETC NIGERIA LIMITED CENTRE 2, 229 JKK HOUSE IKORODU ROAD, ILUPEJU BY TOWN PLANNING BESIDE MUTUAL BENEFIT,  LAGOS STATE",LAGOS
570,"570 COVENANT UNIVERSITY, K/M 10 IDI-IROKO RD, CANAAN LAND, OTA, OGUN STATE",OGUN
589,"589 THE EAGLE HAND NIGERIA LIMITED. NO 3. IKUNGBONMIRE STREET, LOBURO, OFF MOWE OFADA ROAD, BEHIND EXCEPT GOD SCHOOL , MOWE, OGUN STATE",OGUN
582,"582 ADVANCED BREED CBT CENTRE, BLOCK 13, OBA ERINWOLE II ROAD, GRA, SAGAMU",OGUN
390,"390 CAPVILLE SCHOOLS,  PLOT 2-4 JULIEST ULTIMATE DRIVE, OFF CAPVILLE AVENUE BY PUBLIC SERVICE INSTITUTE OF NIGERIA, GWARIMPA-KUBWA EXPRESS WAY.",FCT-ABUJA
296,"296 MARYAM MODEL SCHOOL CBT, 7/10 FUNTUA ROAD, HAYIN MALLAM BELLO, RIGASA, KADUNA STATE.",KADUNA
494,"494 HUNTSVILLE TECHNOLOGY LIMTED 4,AYANBOYE STREET, FARAMOBI AJIKE BY GTB,ANTHONY, LAGOS STATE",LAGOS
319,"319 AIA INSTITUTE OF COMPUTER AND BASIC STUDIES, NO. 4 GAIDA LINE SERVICE PANSHEKARA ROAD KANO, KANO STATE",KANO
595,"595 FEDERAL UNIVERSITY OF TECHNOLOGY, DIGITAL RESEARCH CENTRE 1, OBANLA, AKURE, ONDO STATE",ONDO
314,"314 ZARIA INSTITUTE OF INFORMATION TECHNOLOGY CENTRE 1, NO 19 KOFAN DOKA, WUSASA ROAD, BEHIND MUSLIM EID PRAYING GROUND, ZARIA, KADUNA STATE.",KADUNA
108,"108 IGA ICT LTD., PLOT 3, BESIDE LGEA PRIMARY SCHOOL, IGA-OKPAYA, APA LGA, BENUE STATE.",BENUE
196,"196 COAL CITY UNIVERSITY CBT CENTRE, ABAKALIKI ROAD, ENUGU, ENUGU STATE",ENUGU
606,"606 TIPLOGO NIGERIA LIMITED NO. 19 ALLI BALOGUN STREET, OKITIPUPA LGA, ONDO STATE",ONDO
178,"178 AMBROSE ALLI UNIVERSITY, E-LIBRARY HALLS D, CENTRE 3,  EKPOMA,  EDO STATE.",EDO
176,"176 AMBROSE ALLI UNIVERSITY, E-LIBRARY HALLS A AND B, CENTRE 1,  EKPOMA , EDO STATE.",EDO
70,"70 INFOTECH IT LTD, OGATULENYI DRIVE, ATANI",ANAMBRA
612,"612 COVENANT COLLEGE CBT CENTRE, NO 5, COVENANT CATHEDRAL, COVENANT BUS STOP, ARISE ROAD, OLOKO, APATA, IBADAN, OYO STATE",OYO
550,"550 SOLID ROCK GIRLS ACADEMY, IPERU, SAGAMU ROAD, OPPOSITE FEDERAL GOVERNMENT GIRLS COLLEGE, SAGAMU",OGUN
122,"122 CROSS RIVER UNIVERSITY OF TECHNOLOGY (CRUTECH CBT), EKPO ABASI, CALABAR SOUTH, CROSS RIVER STATE",CROSS-RIVER
659,"659 LOCAL GOVERNMENT CBT CENTRE, RESERVOIR AREA, BESIDE BAPTIST PRIMARY SCHOOL, AGO-AMODU. OYO STATE",OYO
77,"77 ABUBAKAR TAFAWA BALEWA UNIVERSITY, BAUCHI, BAUCHI STATE",BAUCHI
381,"381 MACCATT CBT CENTRE, BESIDE EMIR OF GWANDU'S PALACE, UMAR GWNDU ROAD, BIRNIN KEBBI, KEBBI STATE",KEBBI
315,"315 AUDO BAKO COLLGE OF AGRICULTURE, DAMBATTA, DAURA ROAD. KANO, KANO STATE",KANO
581,"581 TIP-TOP SCHOOLS, UNITY RD. ALARAB ESTATE ORIYANRIN BY FASAKIN STREET ISASI AKUTE. OGUN STATE",OGUN
558,"558 NEW GENERATION BRIGHT HOPE SCHOOL CBT CENTRE, ZONE O, KOBO AREA, OSOGBO, OSUN STATE",OSUN
627,"627 JOSEPH AYO BABALOLA UNIVERSITY, IKEJI-ARAKEJI, OSUN STATE",OSUN
106,"106 CBT CENTRE OTUKPO, 14, FEDERAL ROAD, OTUKPO, BENUE STATE",BENUE
657,"657 DAMDAV CBT CENTRE I, OPPOSITE KAJOLA LOCAL GOVERNMENT QUARTERS, OKEHO. OYO STATE",OYO
81,"81 DOLPHIN MARIA COLLEGE SUNDAY AWONIYI ROAD, OFF MUAZU FAH LINK, NEW G.R.A BAUCHI,  BAUCHI STATE",BAUCHI
665,"665 ELECTROMEDIA COMPLEX CENTRE 2, FEDERAL COLLEGE OF EDUCATION (SPECIAL), OYO, OYO STATE",OYO
625,"625 ICT HALL A, OSUN STATE COLLEGE OF EDUCATION ALONG IBODI-IFE ROAD, ILESA, OSUN STATE.",OSUN
74,"74 HALL 1- JAMB/NCC PROFESSIONAL TEST CENTRE (PTC), AMINU SALEH COLLEGE OF EDUCATION, AZARE, BAUCHI STATE",BAUCHI
187,"187 OKE-OSANYINTOLU CBT CENTRE, MADAM OLASEEKE AJIBULU ESTATE, ALAPO QUARTER,  IDO_EKITI, EKITI STATE",EKITI
157,"157 OBULE INTEGRATED SCHOOLS SAPELE, IKOYO AVENUE, OFF MECHANIC VILLAGE ROAD SAPELE, DELTA STATE.",DELTA
743,"743 YAGAI ACADEMY CBT CENTRE JALINGO, TARABA STATE",TARABA
365,"365 ZEE ALPHA INTERNATIONAL SCHOOL,BEHIND V.I.P LODGE G.R.A FUNTUA, KATSINA STATE",KATSINA
42,"42 PTDF E-RESOURCE CENTRE, UNIVERSITY OF UYO, TOWN CAMPUS ANNEX, AKWA IBOM STATE",AKWA-IBOM
748,"748 YOBE STATE UNIVERSITY, LIBRARY, KM 7, GUJBA ROAD, P.M.B 1144, DAMATURU, YOBE STATE.",YOBE
111,"111 AL-MUNEER INT'L COLLEGE (MOTIME COMMUNICATION) CBT/PROFESSIONAL CENTRE 1 OFF BIU ROAD MAIDUGURI, BORNO STATE",BORNO
243,"243 DUKKU COMMUNITY SCIENCE SECONDARY SCHOOL, ALONG DUKKU-DARAZO ROAD, DUKKU, GOMBE STATE",GOMBE
201,"201 FORETRUST DIGITAL CONSULTING LTD, PLOT 93A, PREMIER LAYOUT, NEW ARTISAN, NEAR DUNAMIS CHURCH, ENUGU, ENUGU STATE",ENUGU
254,"254 PERO CHONGE JAMB CBT CENTER, FILIYA COMMUNITY DAY SECONDARY SCHOOL, FILIYA, SHONGOM LGA, GOMBE STATE",GOMBE
351,"351 RDT INTERNATIONAL LTD, PLOT 1246, RIJIYAR ZAKI, KANO, KANO STATE",KANO
143,"143 PRIME VOCATIONAL INSTITUTE KM 4, KWALE-ASABA EXPRESS WAY BESIDE LOCOCOON HOTELS, KWALE, DELTA STATE.",DELTA
177,"177 AMBROSE ALLI UNIVERSITY, E-LIBRARY HALLS C,  CENTRE 2,  EKPOMA, EDO STATE.",EDO
692,"692 ALBARKA MULTIPURPOSE CO-OPERATIVE  THRIFT AND CREDITS UNION, N0 1 STATE SECRETARIAT ROAD, OFF HASSAN KATSINA ROAD, LOKOJA",KOGI
761,"761 JAMB PROFESSIONAL TEST CENTRE, UZO OKAGWE, OKOKO-ITEM, BENDE LGA, ABIA STATE.",ABIA
576,"576 LIFE BAKER COLLEGE, 2/10 WASIU ABIODUN CLOSE OPOSURU B/STOP IJOKO AGBADO RD, IJOKO LEMODE IFO LGA, OGUN STATE",OGUN
554,"554 NEEDS ASSESSMENT 250 COMPUTER LAB, ALONG UNIVERSITY FARM ROAD,FUNAAB, ABEOKUTA, OGUN STATE",OGUN
513,"513 FUTURE GATE MODEL SCHOOL CTR 2, BESIDE PISAND GUEST INN BAKIN ADO, NEW KARU  NASARAWA STATE",NASARAWA
565,"565 ASTUTE COLLEGE, ASTUTE COLLEGE STRT. OFF COKER IBOGUN AKINSINDE RD, IFO, OGUN STATE",OGUN
234,"234 TOTAL CHILD COMPUTER AND CBT CENTRE, PLOT 17A, SAGWARI LAYOUT, DUTSE MAKARANTA, ABUJA, FCT",FCT-ABUJA
705,"705 A-PAGEN CONSOLIDATED SERVICES LIMITED, CBT CENTER 2, NO 18, NATHAN AMADI AVENUE, NEAR HUMANITY HOTEL, WHITE HOUSE BUS STOP, RUKPOKWU, PORT HARCOURT, RIVERS STATE",RIVERS
48,"48 NNAMDI AZIKIWE UNIVERSITY AWKA DIGITAL LIBRARY CENTRE I, INSIDE PROF FESTUS AGHAGBO DIGITAL LIBRARY, ANAMBRA STATE",ANAMBRA
758,"758 TALATA MAFARA DEVELOPMENT TRUST FUND CBT CENTER, ZONAL EDUCATION OFFICE OPPOSITE GGC, TALATA MAFARA, ZAMFARA STATE",ZAMFARA
774,"774 AHINSIF GLOBAL RESOURCES AND INVESTMENT LTD CBT CENTRE, NO. 6, SOJE AVENUE, ALONG KPAKUNGUN ROAD,  OFF MORRIS FERTILIZER JUNCTION, MINNA, NIGER STATE",NIGER
599,"599 PUBLIC SERVICE TRAINING INSTITUTES CBT CENTRE AKURE-ILESA EXPRESSWAY, ILARA-MOKIN, ONDO STATE",ONDO
13,"13 IHECHUKWU MADUBUIKE INSTITUTE OF TECHNOLOGY, NKWOAGU-AMUDA, ISUOCHI, NEAR UMUNNEOCHI LGA HEADQUARTERS, UMUNNEOCHI, ABIA STATE",ABIA
232,"232 KINGS COMPREHENSIVE COLLEGE, OFF RAILWAY BRIDGE BY CHINESE COMPANY SABURI, DEI-DEI, ABUJA , FCT",FCT-ABUJA
450,"450 CLASSIC INT'L SCHOOLS CBT CENTRE 29,AFOLABI OBE STR. ORI -OKE B/STOP EJIGBO,LAGOS STATE",LAGOS
459,"459 VALUE PLACE COLLEGE CBT CENTRE, 1  DUPEOLU STREET, OFF PIPELINE ROAD, PIPELINE B/STOP, OPPOSITE IDIMU POLICE STATION, IDIMU, ALIMOSHO LGA, LAGOS STATE",LAGOS
593,"593 FEDERAL COLLEGE OF FORESTRY CBT CENTRE. AFTER ALL SAINTS CHURCH ALONG IDI ISHIN, NIHORT ROAD, JERICHO HILLS, IBADAN OYO STATE",OYO
520,"520 GAAT INTERNATIONAL SCHOOL, PLOT 265, CADASTRAL ZONE, B13 GADUWA DISTRICT, ABUJA.",FCT-ABUJA
642,"642 ATANDA GROUP OF SCHOOLS ICT RESOURCE CENTRE, OPPOSITE TEACHERS HOUSE, OLUYOLE ESTATE, IBADAN, OYO STATE",OYO
664,"664 ATIBA UNIVERSITY CBT, KM 5, OYO-ISEYIN EXPRESSWAY OYO TOWNSHIP, OYO STATE",OYO
469,"469 STATO COMPUTER, 38 IGBO-ELERIN ROAD, BESIDE JIOSMA FILLING STATION, OJO, LAGOS STATE",LAGOS
654,"654 WEST CONSULT CBT, ADJACENT FIRST BANK, THE POLYTECHNIC, IBADAN GATE, OYO STATE",OYO
284,"284 ALEKWE NIGERIA LTD, SARDAUNA MEMORIAL COLLEGE, UNGUWAN DOSA, KADUNA STATE.",KADUNA
463,"463 KEMMYSAM SCHOOLS ARUKWE STREET, ORE METTA JUNCTION , ARADAGUN BUS STOP BADAGRY EXPRESS WAY BADAGRY LAGOS",LAGOS
408,"408 FOCAL POINT CBT CENTRE, FOCAL POINT SCHOOL, PRINCE OYEBODE CRESCENT, OPPOSITE TUYIL PHARMACY INDUSTRIAL LIMITED NEW YIDI ROAD ILORIN, KWARA STATE",KWARA
621,"621 OSUN STATE UNIVERSITY IKIRE, IWO ROAD, OSUN STATE",OSUN
298,"298 QUEEN AMINA COLLEGE, OPP. UNITY BANK, KAKURI, KADUNA STATE.",KADUNA
180,"180 HF-JEMAJO VENTURE, NO 1 JOSEPH EZEHI AV, EFANDION QTRS, OFF NEW AGBO RD, PREMISES OFF CHESS UROMI, EDO STATE.",EDO
377,"377 DIT COMPUTER SERVICES, ARGUNGU ROAD NEAR RIMA ROUDA BOUT, BIRNINKEBBI, KEBBI STATE.",KEBBI
439,"439 WAEC TESTING AND TRAINING CENTRE CTR 1, 60 IJAIYE ROAD, ADJACENT EXCELLENCE HOTEL, OGBA, LAGOS STATE",LAGOS
227,"227 TIGH TECHNOLOGIES  LIMITED , SASCON INTERNATIONAL SCHOOL N0.19 YESERDAM STREET MAITAMA , ABUJA, FCT",FCT-ABUJA
403,"403 AL-HIKMAH UNIVERSITY CBT CENTRE, ADETA ROAD, ADEWOLE HOSING ESTATE, ILORIN, KWARA STATE",KWARA
489,"489 MOSAMBELL EDU-CONSULTS LTD. 53, TOKUNBO STREET, LAGOS ISLAND, LAGOS.",LAGOS
404,"404 CBT CENTRE KWARA STATE UNIVERSITY, MALETE, KWARA STATE",KWARA
429,"429 ENEFEM GROUP OF SCHOOLS,  9/11 PHILIPS OMOARELAGIE STREET (FORMERLY ADEBAYO STR.) OFF AMULE OLAYEMI ROAD, MAKINDE B/STOP, IDERA ESTATE, ASIPA, AYOBO, LAGOS STATE",LAGOS
575,"575 HSS GRACE, HOLY SAVIOUR SCHOOL 30/32 OLD OTA ROAD, ADELEYE, APARADIJA, ISUNBA, LAFENWA, ITELE, OGUN STATE.",OGUN
474,"474 ELIHANS CBT 5/7 FATAI TOMORI STRT. IGBO-OLOMU, IKORODU, LAGOS STATE",LAGOS
316,"316 FEDERAL COLLEGE OF EDUCATION (TECHNICAL), BICHI, KANO STATE",KANO
248,"248 GOFCECON COMPUTER LAB., FEDERAL COLLEGE OF EDUCATION (TECH), GOMBE, GOMBE STATE",GOMBE
481,"481 TOPVILLE COLLEGE, 400, ISAWO ROAD, OKE-OKO, AGRIC., IKORODU, LAGOS STATE",LAGOS
173,"173 UNITED KNOWLEDGE GLOBAL SERVICES, 1, OGIEFA STREET, OFF MISSION ROAD, BENIN- CITY, EDO STATE",EDO
655,"655 YINBOL COLLEGE, ICT RESOURCE CENTRE, NEAR U.I GATE, OROGUN, OJOO ROAD, IBADAN, OYO STAE",OYO
447,"447 MICHAEL OTEDOLA PRIM. COLLEGE OF EDUCATION(CNTR.2) KM 7, EPE-IJEBUODE ROAD,NOFORIJA,EPE, LAGOS STATE",LAGOS
149,"149 MICHEAL AND CECILIA IBRU FOUNDATION COLLEGE OF EDUCATION CTR-2 AGBARHA-OTOR UGHELLI, DELTA STATE",DELTA
451,"451 DOMINION HERITAGE SCHOOLS CBT CENTRE , 8 MOJISOLA ALAPINI STR. IJEGUN IKOTUN, LAGOS STATE",LAGOS
472,"472 THE LAURELHALL SCHOOLS CBT CENTRE, LAURELHALL SCHOOLS AVENUE, LADEGBOYE ROAD, IMOWO KEKERE, OFF IJEDE ROAD, IKORODU, LAGOS STATE.",LAGOS
478,"478 DIFAS COLLEGE CBT CENTRE, AKEEM ADEWUNMI SRT.BEHIND FARM SETTLEMENT PRIM.SCHOOL, ODOGUNYAN, IKORODU, LAGOS STATE",LAGOS
349,"349 PRESTIGIOUS ICT INVESTMENT LTD, SANI KABARA STREET, SHEKA, OFF ZOO ROAD,KANO, KANO STATE",KANO
471,"471 BALAD PRIVATE SCHOOLS, CBT CTR 1, 1 OBAFEMI STRT, OFF ISAWO ROAD NEAR ORIOKUTA  JUNCTION,  OPP FCMB, AGRIC IKORODU, LAGOS STATE",LAGOS
452,"452 FLORIN HIGH SCHOOL.23/25 OLUTIMEHIN STR.  OFF AJIBOYE STR. MILITARY ZONE BUS STOP, OFF IDIMU ROAD EJIGBO, LAGOS STATE",LAGOS
484,"484 ZEEKAY SCHOOLS CBT,  2, HOME OF GRACE ESTATE, AGBEDE, AGRIC., IKORODU , LAGOS STATE",LAGOS
370,"370 FGC DAURA E-LIBRARY,CBT CENTRE DAURA, KATSINA STATE",KATSINA
297,"297 OPEN DISTANCE & FLEXIBLE E-LEARNING CENTRE, KADUNA POLYTECHNIC, MAIN CAMPUS, TUDUN WADA, KADUNA STATE.",KADUNA
19,"19 ALIYU MUSTAFA ACADEMY, ICT CENTRE, 19-21 BAUSHE STREET, UPPER LUGGERE ROAD, JIMETA-YOLA, ADAMAWA STATE",ADAMAWA
650,"650 THE POLYTECHNIC IBADAN ICT CENTRE BESIDE WEMA BANK, IBADAN, OYO STATE",OYO
362,"362 ISAH KAITA COLLEGE OF EDUCATION, DUTSIN-MA, KATSINA STATE",KATSINA
354,"354 SKYLINE UNIVERSITY NIGERIA. NO 2 ZARIA ROAD KANO (FORMER BANK OF THE NORTH), KANO. KANO STATE",KANO
508,"508 BINGHAM UNIVERSITY, ALONG KEFFI-ABUJA EXPRESSWAY, AUTA-BALEFI, NEW KARU, NASARAWA STATE",NASARAWA
337,"337 UMMY GENERAL CONTRACTORS (UGC) CBT CENTER DANBATTA,  ADJACENT TO FIRE SERVICE OFFICE DANBATTA, DAURA ROAD, KANO STATE",KANO
696,"696 BRIGHT HOPE STANDARD COLLEGE, 29 ORAMMA ROAD, EGBELU, OYIGBO, OPPOSITE OKRO MARKET, RIVERS STATE",RIVERS
22,"22 FEDERAL COLLEGE OF EDUCATION, KABIRU ISHIAKU E-LIBRARY, YOLA, ADAMAWA STATE",ADAMAWA
458,"458 RISING SUN HIGH SCHOOL . 16, OKONJI STREET CELE B/STOP AGODO -EGBE, LAGOS STATE",LAGOS
766,"766 JAMB PTC  CENTRE 2, (NCC PTC WING),  HASSAN USMAN KATSINA ROAD, ZONE 8, BESIDE WAEC LOKOJA, KOGI STATE",KOGI
533,"533 BISHOP JAMES YISA MEMORIAL SCHOOL CBT CENTRE, KWAMBA, SULEJA, NIGER STATE",NIGER
253,"253 PEN RESOURCE ACADEMY ICT ,CBT  ROBOTIC CENTER NEAR AMMA PEPPLE QTRS, LAFIYAWO GOMBE, GOMBE STATE",GOMBE
746,"746 FEDERAL POLYTECHNIC, MAIDUGURI ROAD, DAMATURU, YOBE STATE",YOBE
737,"737 FEDERAL UNIVERSITY WUKARI, CENTRE - 2 , ALONG KASTINA-ALA ROAD, WUKARI, TARABA STATE",TARABA
118,"118 UNIMAID ICT 2 CENTRE, OPP.FACULTY OF PHARMACY, UNIVERSITY OF MAIDUGURI, MAIDUGURI,BORNO STATE",BORNO
324,"324 BAYERO UNIVERSITY, OLD SITE, IGR LEARNING CENTRE, KANO, KANO STATE",KANO
372,"372 UMARU MUSA YARADUA UNIVERSITY, COMPUTER LAB 1 CENTRE, DUTSINMA ROAD, KATSINA, KATSINA STATE",KATSINA
334,"334 FIRST QUARTILE PROFESSIONALS CBT CENTRE, NO. 03, YAR-AKWA 'B' NA'INBAWA, NEAR YAN-KATAKO MARKET, ALONG KARKASARA ROAD OFF ZARIA ROAD, KANO, KANO STATE",KANO
346,"346 NCC CBT CENTRE, KANO UNIVERSITY OF SCIENCE AND TECHNOLOGY, WUDIL, KANO STATE",KANO
270,"270 SORONARA VENTURES NIGERIA LIMITED, FOUNDATION ROAD, UMUDAGU MBIERI, MBAITOLI, IMO STATE",IMO
317,"317 MAKAMA SCHOOL OF TECHNOLOGY, OLD  MOTOR PARK, A LONG FCE(T) ROAD, BICHI, KANO STATE",KANO
97,"97 INFORMATION AND COMMUNICATION TECHNOLOGY CENTRE, COLLEGE OF EDUCATION KATSINA-ALA, BENUE STATE",BENUE
147,"147 EDWIN CLARK UNIVERSITY, CBT CENTRE, KIAGBODO, BURUTU LGA, DELTA STATE",DELTA
757,"757 RAUDHA TECHNOLOGIES LTDRNPLOT 1446 EASTERN BYE- PASS ADJACENT CUSTOMS OFFICE, GUSAU, ZAMFARA STATE",ZAMFARA
44,"44 GRAFIL COMPUTERS LIMITED, GRAFIL HOUSE HIGH TENSION ROAD, OPPOSITE THRILLERS, AROMA, AWKA, ANAMBRA STATE",ANAMBRA
135,"135 OPEL RESOURCES CENTRE 2, NO. 6 SOLOMON OBORO CLOSE/CRESCENT OFF D.S.C ROAD BEFORE VITA FORM BUILDING, EFFEURN, DELTA STATE",DELTA
244,"244 GOMBE STATE POLYTECHNIC CBT CENTER BAJOGA, GOMBE STATE",GOMBE
537,"537 FEDERAL UNIVERSITY OF TECH, E-EXAM CENTRE 3, MAIN CAMPUS, GIDAN KWANO, MINNA, NIGER STATE",NIGER
312,"312 ZARIA CONSULTANCY LIMITED, FEDERAL COLLEGE OF EDUCATION, ZARIA, KADUNA STATE",KADUNA
724,"724 SHEHU SHAGARI COLLEGE OF EDUCATION, ALONG BIRNIN KEBBI ROAD, FARFARU AREA, SOKOTO, SOKOTO STATE",SOKOTO
325,"325 JICORAS CBT CENTRE, PMB 2020,YARKIRYA ROAD, BABURA, JIGAWA",JIGAWA
358,"358 WUDIL COMPUTER INFORMATION TECHNOLOGY. NO2, ALIYU DANDARMAN ROAD BESIDE UNITY BANK WUDIL, KANO STATE",KANO
360,"360 FEDERAL UNIVERSITY DUTSINMA, CBT 1, TAKE OFF CAMPUS,NO 1 KANKARA-KATSINA EXPRESS, DUTSINMA. KATSINA STATE",KATSINA
373,"373 UMARU MUSA YARADUA UNIVERSITY, FACULTY OF NATURAL & APPLIED SCIENCES, DUTSINMA ROAD, KATSINA, KATSINA STATE",KATSINA
134,"134 OPEL RESOURCES  CENTER 1,NO 6 SOLOMON OBORO CLOSE OFF D.S.C.ROUNDABOUT,BEFORE VITAL FOAM BUILDING, EFFURU, WARRI, DELTA STATE",DELTA
753,"753 UNIVERSITY FOUNDATION ACADEMY, G.R.A, NGURU, YOBE STATE.",YOBE
252,"252 MUSASA WORLD WIDESOLUTIONS LTD., OPP. THE NIGERIAN POLICE FORCE M.T.D COMMAND, NEW G.R.A., GOMBE, GOMBE STATE",GOMBE
222,"222 GLOBAL DISTANCE LEARNING INSTITUTE (GDLI), PLOT 825, RALPH SHODEHINDE STREET, OFF AHMADU BELLO WAY, CENTRAL BUSINESS DISTRICT, ABUJA, FCT",FCT-ABUJA
137,"137 PETROLEUM TRAINING INSTITUTE, NO. 1,  P.T.I ROAD,  EFFURUN, DELTA STATE",DELTA
749,"749 FEDERAL UNIVERSITY GASHUA, NGURU ROAD, P.M.B 1005, GASHUA, YOBE STATE",YOBE
701,"701 KINGS WORD COLLEGE, SHALOM ESTATE, OFF LOCATION 15, OFF SHELL OFFICE, UMUEBULE 1, ETCHE, RIVERS STATE",RIVERS
398,"398 H.E HAJIYA RASHIDA YAHAYA BELLO CBT CENTER;KOGI STATE COLLEGE OF EDUCATION (TECHNICAL) KABBA, KOGI STATE",KOGI
67,"67 NWAFOR ORIZU COLLEGE OF EDUCATION NSUGBE, CBT CENTRE 3:3 JUNCTION,NSUGBE, ANAMBRA STATE",ANAMBRA
69,"69 HOLY ROSARY VOCATION AND INNOVATIVE INSTITUTE, IGBOUKWU BESIDE ST. PETER'S ANGLICAN CHURCH  OBIUNO, ALONG IGBOUKWU-EKWULUMMIRI ROAD",ANAMBRA
697,"697 E - DISTRICT, PLOT 78, BESIDE DE UMAHS HOTEL, IGBO ETCHE, RIVERS STATE",RIVERS
684,"684 NIGERIAN INSTITUTE OF MINING AND GEOSCIENCES (NIMG), NO 1, METROPOLITAN AVENUE, TUDUN-WADA, JOS, PLATEAU STATE",PLATEAU
350,"350 RABIU MUSA KWANKWASO COLLEGE OF ADVANCED & REMEDIAL STUDIES(CARS), TUDUN WADA DANKADAI LGA, KANO STATE",KANO
672,"672 COLLEGE OF EDUCATION GINDIRI, MANGU-GINDIRI ROAD, JOS. PLATEAU STATE",PLATEAU
100,"100 ATHANS MODEL COLLEGE CBT CENTRE, OPP UBA, WURUKUM, MAKURDI, BENUE STATE",BENUE
723,"723 PENTA M&F TECHNICAL SERVICES LTD, CENTRE 2, 96KM SOKOTO-JEGA ROAD, TAMBUWAL LGA, SOKOTO, SOKOTO STATE",SOKOTO
150,"150 MICHEAL AND CECILIA IBRU UNIVERSITY (MCIU) CTR 4, IBRU VILLAGE, AGBARHA-OTOR, UGHELLI, DELTA STATE",DELTA
136,"136 PACIA INTERNATIONAL SCHOOL, OPP. BLUE WATER HOTEL, NIGERCAT ROAD, OFF NPA EXPRESSWAY, EKPAN-EFFURUN, DELTA STATE",DELTA
160,"160 COMPR. SCH. OF MGT. & TECH.(CSMT)CBT. CTR. ALONG WATCHMAN STREET, ABAKALIKI, EBONYI STATE",EBONYI
174,"174 UNIVERSITY OF BENIN INTERNATIONAL ICT CENTRE, IYAYI COMPUTER BUILDING, UGBOWO, BENIN CITY, EDO STATE",EDO
592,"592 OPEOLUWA E-LEARNING CENTRE, TIPPER JUNCTION, ALONG LOCAL GOVT. SECRETARIAT RD, ALAPATA QTRS, IKARE-AKOKO, ONDO STATE",ONDO
63,"63 ST ANTHONY OF PADUA ICT HUB BESIDE FIDER PILLAR EKWULUOBIA, AWKA RD NANKA, ANAMBRA STATE",ANAMBRA
428,"428 COMMAND SECONDARY SCHOOL CBT CENTRE IPAJA COMMAND BUS STOP, AJASA LAGOS STATE",LAGOS
586,"586 MOUNTAIN TOP UNIVERSITY,CBT CENTRE, KLM 12, LAGOS-IBADAN EXPRESSWAY,PRAYER CITY,IBAFO, OGUN STATE",OGUN
666,"666 EMMANUEL ALAYANDE COLLEGE OF EDUCATION, CBT CENTRE 3, EMMAMUEL ALAYANDE COLLEGE OF EDUCATION, ERELU, OYO STATE",OYO
60,60 FEDERAL POLYTECHNIC OKO MASS COMMUNICATION CENTRE I ANAMBRA STATE,ANAMBRA
617,"617 ICT/CBT HALL A, CENTRE FOR DISTANCE LEARNING OBAFEMI AWOLOWO UNIVERSITY, MORO CAMPUS, OSUN STATE",OSUN
769,"769 SKILLPATH INTERNATIONAL ACADEMY,  SUPREME COURT QUARTERS, BEHIND CUSTOM HOSPITAL, NEAR PRESON HOTEL, KARU SITE.",FCT-ABUJA
388,"388 NANA COLLEGE OF HEALTH SCIENCE AND TECHNOLOGY CBT CENTER; OKEGBI RD, BEHIND KOGI STATE UNIVERSITY ANYIGBA, KOGI STATE",KOGI
400,"400 SUFIYAN INTERNATIONAL SCHOOLS CBT CENTRE, MUHAMMED SUFIYAN MUHAMMED STREET, OPP SUFIYAN CENTRAL MOSQUE CHECK POINT, OKENE KOGI STATE",KOGI
233,"233 ROSA-MYSTICA ACADEMY , LIBERTY JUNCTION WATER BOARD ROADBYAZHIN, KUBWA, FCT",FCT-ABUJA
530,"530 IBRAHIM BADAMASI BABANGIDA UNIVERSITY LAPAI, ICT UTME JAMB CENTRE, KLM 3, LAPAI, NIGER STATR",NIGER
771,"771 GYB CBT CENTRE, AGASSA UPOGORO COMMUNITY BESIDE LGSS , AGASSA",KOGI
529,"529 FEDERAL POLYTECHNIC, ICT HALL, DOKO ROAD, BIDA, NIGER STATE",NIGER
242,"242 ZINARIA INTERNATIONAL SCHOOL MARARABA, ABUJA KEFFI EXPRESS WAY, OPPOSITE MONACO MALL,  FCT",FCT-ABUJA
219,"219 DANTATA UNIVERSAL SEERVICES, GSS, WUSE ZONE 3, CLOSE TO CUSTOMS HEADQUARTERS, FCT",FCT-ABUJA
385,"385 ISA MEMORIAL ISLAMIC ACADEMY DIGITAL CENTRE, KM 1, ALONG ODU ANANA ROAD, OFF DEKINA-ANYIGBA EXPRESS WAY, AJIYOLO OJAJI, DEKINA, KOGI STATE",KOGI
772,"772 LEKE ABEJIDE ICT CENTRE, OPPOSITE OPEN UNIVERSITY, ITEDO-AMURO, ISANLU, KOGI STATE",KOGI
391,"391 TUDUN WADA CBT CENTER, GOVERNMENT SECONDARY SCHOOL, TUDUN WADA, ZONE 4.",FCT-ABUJA
543,"543 NIGER STATE POLYTECHNIC, ZUNGERU-BIDA ROAD, ZUNGERU, NIGER STATE",NIGER
145,"145 ZINCOM COMPUTERS, AGBOR ROAD, BESIDE JEHOVAH WITNESS JUNCTION, IKPOBA OKHA LGA, BENIN CITY EDO STATE",EDO
310,"310 SIF CBT & ICT PROFESSIONAL TRAINING, NO 20 WARRI STREET, SABON GARI, ZARIA, KADUNA STATE.",KADUNA
277,"277 FEDERAL UNIVERSITY E-LEARNING CENTRE, DUTSE BE PASS, DUTSE, JIGAWA STATE",JIGAWA
300,"300 ISLAMIC TRUST OF NIGERIA MODEL SCHOOLS ,ZANGON SHANU ZARIA. K. M 8.ZARIA-SOKOTO ROAD, ZANGON SHANU ZARIA. .",KADUNA
425,"425 EULERS CONSULTING COLLEGE OF HEALTH TECH OJOKU ROAD OFFA, KWARA STATE",KWARA
344,"344 ADHAMA INNOVATION ENTERPRISE INSTITUTE, NO. 171 MISSION ROAD BOMPAI NASSARAWA LGA KANO STATE",KANO
355,"355 THE LIGHT COLLEGE, NO. 2 PANSHEKARA, OPP, POLICE COLLEGE PANSHEKARA KANO STATE",KANO
326,"326 BMG INSTITUTE OF INFORMATION TECHNOLOGY, N0. 13 BATAIYA HOUSE GYADI-GYADI ALONG ZARIA ROAD, KANO, KANO STATE",KANO
342,"342 MUSTIBRAH COLLEGE OF INFORMATION TECHNOLOGY AND MANAGEMENT STUDIES, NO. 97 YAN KATAKO, YARAKWA QTRS TARAUNI LGA, KANO STATE",KANO
195,"195 CENTRE FOR ADVANCED LIBRARY AND INFORMATION MANAGEMENT (CALIM) ICT, 12 ACHI STREET INDEPENDENCE LAYOUT BY AGRIC. BANK, OPP. GOOD SHEPHERD ANG. CHURCH, ENUGU, ENUGU STATE",ENUGU
369,"369 DR YUSUFU BALA USMAN COLLEGE,along Dunu-Kano road DAURA, KATSINA STATE",KATSINA
356,"356 TREZTECH, PLOT 10, GWARZO ROAD OPPOSITE B.U.K NEW CAMPUS, KANO, KANO STATE",KANO
109,"109 UNIVERSAL CYBERNET LTD, 3, OCHI'DOMA ROAD, OTUKPO, BENUE STATE",BENUE
361,"361 FEDERAL UNIVERSITY DUTSINMA, CBT 2, TAKE OFF CAMPUS,NO 1 KANKARA-KATSINA EXPRESS, DUTSINMA. KATSINA STATE",KATSINA
744,"744 FEDERAL COLLEGE OF EDUCATION (TECHNICAL), POTISKUM, CENTRE 2, E- EXAM CENTRE, MOHAMMED IDRISSA WAY, POTISKUM, YOBE STATE.",YOBE
331,"331 EMIRATE COLLEGE OF HEALTH SCIENCES & TECH INTERPRENUERSHIP CENTRE LAB II. TUDUN YOLA ESTATE, KABUGA SATELITE TOWN, OFF GWARZO ROAD KANO, KANO STATE",KANO
440,"440 WAEC TESTING AND TRAINING CENTRE CTR 2, 60 IJAIYE ROAD, ADJACENT EXELLENCE HOTEL, OGBA, LAGOS STATE",LAGOS
444,"444 CLOUDEDGE TECHNOLOGIES LIMITED,KM 5 ADDO ROAD, SKID BUS STOP, OKE IRA NLA, AJAH,  LAGOS STATE",LAGOS
434,434 NEW OCEAN COMPRE. HIGH SCHOOL CBT CENTRE. 70/72 ALAJA ROAD MEGIDA B/STOP  LAGOS STATE,LAGOS
634,"634 HISMAY CBT CENTRE, NO 1, NIGERIA BREWERY, NEW IFE EXPRESS WAY, IBADAN, OYO STATE.",OYO
567,"567 BATMOD HUB, BEHIND MOBIDUF FILLING STATION, ADJACENT BATMOD PRY SCH ABULE IJOKO, OGUN STATE",OGUN
628,"628 ALL BEST ALLIED ICT AND VOCATIONAL CENTRE BLOCK 1, BEHIND ZARA GUEST HOUSE, ONWARD, GBONGAN ROAD, OSOGBO, OSUN STATE.",OSUN
30,"30 OBONG UNIVERSITY CBT CENTRE, OBONG NTAK, ETIM EKPO LGA, AKWA IBOM STATE",AKWA-IBOM
301,"301 KUBAU LOCAL GOVERNMENT CBT CENTRE, GSS ANCHAU TAKALAFIA.",KADUNA
340,"340 KANO COOPERATIVE CBT CENTRE, NO. 1 ZARIA OPP KANO LINE BY AZMAN OFFICE, KANO, KANO STATE",KANO
733,"733 FEDERAL POLYTECHNIC, (PERMANENT SITE)ICT CENTRE ANNEX, BALI, TARABA STATE",TARABA
580,"580 THE ULTIMATE COLLEGE, 8/10 OYEWUNMI STR. DOCTOR B/STOP. OKEOLA ITELE RD OTA, OGUN STATE",OGUN
490,"490 ETC NIGERIA LIMITED CENTRE 1, 229 JKK HOUSE IKORODU ROAD, ILUPEJU BY TOWN PLANNING BESIDE MUTUAL BENEFIT,  LAGOS, LAGOS STATE",LAGOS
507,"507 SUPREME KINGS & QUEENS ACADEMY, GOVERNMENT  COLLEGE KEFFI, GRA KEFFI, NASARAWA STATE",NASARAWA
541,"541 JAMB/NCC PROFESSIONAL TEST CENTRE (PTC), 3 ARMS ZONE, MAITUMBI, BESIDE JAMB OFFICE, MINNA, NIGER STATE",NIGER
291,"291 DEFENCE INDUSTRIES CORPORATION OF NIGERIA (DICON), TRAINING SCHOOL CBT CENTRE, DICON ROAD BY MONDAY MARKET, KAKURI, KADUNA STATE.",KADUNA
371,"371 ICT CENTRE, HASSAN USMAN KATSINA POLYTECHNIC, KM 8, TAFAWA BALEWA WAY, KATSINA, KATSINA  STATE",KATSINA
509,"509 CHILDWORTH INTERNATIONAL SCHOOL, ANWAN SOJA, AREA 1 MASAKA, KARU LGA, NASARAWA STATE",NASARAWA
608,"608 BOWEN UNIVERSITY COMPUTER SCIENCE AND INFORMATION TECHNOLOGY  LAB, IWO, OSUN STATE",OSUN
566,"566 BAMMY COLLEGE CENTRE, NO. 7 UNITY STREET, IKARE B/STOP, OKE ARO, AGBADO, IFO, OGUN STATE",OGUN
454,454 IKE OLUWA COMPREHENSIVE COLLEGE CBT CENTRE. 14-16 TUNDE GBADEGESIN STR. OKERUBE ABARANJE LAGOS STATE,LAGOS
433,"433 MALICOMP COMPUTERS, 17 ADESOLA AKANDE, OFF OYEMEKUN STREET, IFAKO IJAIYE, LAGOS STATE",LAGOS
667,"667 LADOKE AKINTOLA UNIVERSITY OF TECHNOLOGY, CAD CBT CENTRE 2, OGBOMOSO. OYO STATE",OYO
619,"619 ESTHER OSHIKOYA CBT CENTRE, SANGO ELEYELE ROAD, AROMETA BUS STOP, OPPOSITE NMPC FILLING STATION, AROMETA, IBADAN, OYO STATE",OYO
485,"485 OBANS C.B.T. CENTRE  PLOT 32, OBA IJAOLU ROAD, ELEPE BUS STOP, ELEPE TOWN, OFF IJEDE ROAD, IKORODU, LAGOS.",LAGOS
492,"492 FEDERAL COLLEGE OF EDUCATION (TECHNICAL), ST.FINBARRS COLLEGE ROAD, AKOKA, LAGOS STATE",LAGOS
427,"427 ICT CENTRE, FEDERAL POLYTECHNIC, OFFA, ALONG OJOKU ROAD, OFFA, KWARA STATE",KWARA
306,"306 GOLDEN HEIGHT COMPREHENSIVE SCHOOL, NO 1 JUSHIN WAJE, SABON GARI, ZARIA, KADUNA STATE",KADUNA
456,"456 MOUNT GILGAL KONSULT LTD (EDUCATIONAL), 19 DAUDA OYENIRAN STREET, AGRIC ROAD, BY IGANDO POLICE STATION, ALIMOSHO LGA, LAGOS",LAGOS
460,"460 ADAMSPRING CBT,9 OWOSENI STR, IJANIKIN, LAGOS STATE",LAGOS
329,"329 CYBERTRON LIMITED, NO 218 TITIN ASIBITIN AMINU KANO, TARAUNI LGA, KANO, KANO STATE",KANO
353,"353 MUGAJ INFORMATION AND COMMUNICATION,NO 3 ADJACENT SHEMA FILLING STATION, KURAMI BYPASS, BAKORI L.G.A KATSINA STATE",KATSINA
345,"345 MURTALA MUHAMMAD LIBRARY, AHMADU BELLO WAY, NASSARAWA GRA,  NASSARAWA, KANO,  KANO STATE",KANO
430,"430 GOD'S POWER INT'L COLLEGE. 10, AJAYI CRESCENT BY AJAYI B/STOP OKE ARO, LAGOS STATE",LAGOS
501,"501 FEDERAL POLYTECNIC, NASARAWA, NASARAWA STATE",NASARAWA
431,"431 LAGOOZ SCHOOLS , 21 SOMOYE STREET, OMOTOYE ESTATE, MULERO B/STOP, NEAR NYSC CAMP, IYANA IPAJA, ORILE AGEGE, LAGOS STATE",LAGOS
453,"453 GRAND SCHOOLS CBT CENTRE,  2/4/6 OLAOLUWA STR. ALONG SANTA MARIA STR. OFF ISUTI ROAD EGAN LAGOS STATE",LAGOS
328,"328 JIGAWA STATE COLLEGE OF EDUCATION GUMEL, CBT CENTRE2, ALONG KANO ROAD, JIGAWA STATE.",JIGAWA
375,"375 ADAMU AUGIE COLLEGE OF EDUCATION ICT CENTRE, OPPOSITE TRIPLE LECTURE THEARTER,  PERMANENT SITE, ARGUNGU, KEBBI STATE.",KEBBI
343,"343 MAIN LIBRARY KANO UNIVERSITY OF SCIENCE AND TECHNOLOGY, WUDIL, KANO STATE",KANO
461,"461 CAREER BUILDERS ACADEMY,2, CAREER AVENUE,CELE B/STOP, IJANIKIN, LAGOS STATE",LAGOS
493,"493 HUMAN DEVELOPMENT INITIATIVES (GRACE HOUSE), 2 IWAYA ROAD, SABO, OPP ONIKE GIRLS JNR HIGH SCHOOL, ONIKE,  LAGOS STATE",LAGOS
441,"441 WEST AFRICAN EXAMINATION COUNCIL, INTERNATIONAL OFFICE, PLOT 6 LATEEF JAKANDE ROAD, OPP CHICKEN REPUBLIC, AGIDINGBI, LAGOS STATE",LAGOS
498,"498 YABA COLLEGE OF TECHNOLOGY CENTRE 1, YABA, LAGOS STATE",LAGOS
401,"401 THOMAS ADEWUMI UNIVERSITY, UNIVERSITY DRIVE OFF OKO-IDOFIN ROAD OKO, KWARA STATE",KWARA
437,"437 FIRST OPTION PRIVATE SCHOOLS. KM42,LEKKI EXPRESSWAY ABIJO, LAGOS STATE",LAGOS
556,"556 GATEWAY INDUSTRIAL & PETRO-GAS INSTITUTE, GOVERNMENT SCIENCE AND TECHNICAL COLLEGE, GRA, IJEBU-ODE, OGUN STATE.",OGUN
